source,player,player_normalized,sport,league,stat,line,overOdds,underOdds,book,eventId,team,opponent
SGO,ALPEREN_SENGUN_1_NBA,alperen sengun,NBA,NBA,assists,5.5,-146,114,fanduel,XgpI3Mp3RH7idpyCfJr1,,
SGO,AMEN_THOMPSON_1_NBA,amen thompson,NBA,NBA,assists,5.5,128,-164,fanduel,XgpI3Mp3RH7idpyCfJr1,,
SGO,BUB_CARRINGTON_1_NBA,bub carrington,NBA,NBA,assists,4.5,134,-172,fanduel,XgpI3Mp3RH7idpyCfJr1,,
SGO,KEVIN_DURANT_1_NBA,kevin durant,NBA,NBA,assists,4.5,-113,-113,fanduel,XgpI3Mp3RH7idpyCfJr1,,
SGO,REED_SHEPPARD_1_NBA,reed sheppard,NBA,NBA,assists,3.5,-148,116,fanduel,XgpI3Mp3RH7idpyCfJr1,,
SGO,TARI_EASON_1_NBA,tari eason,NBA,NBA,assists,1.5,-220,162,fanduel,XgpI3Mp3RH7idpyCfJr1,,
SGO,ALPEREN_SENGUN_1_NBA,alperen sengun,NBA,NBA,points_assists,25.5,-128,-104,fanduel,XgpI3Mp3RH7idpyCfJr1,,
SGO,AMEN_THOMPSON_1_NBA,amen thompson,NBA,NBA,points_assists,21.5,-120,-110,fanduel,XgpI3Mp3RH7idpyCfJr1,,
SGO,BUB_CARRINGTON_1_NBA,bub carrington,NBA,NBA,points_assists,12.5,-132,100,fanduel,XgpI3Mp3RH7idpyCfJr1,,
SGO,KEVIN_DURANT_1_NBA,kevin durant,NBA,NBA,points_assists,28.5,-112,-118,fanduel,XgpI3Mp3RH7idpyCfJr1,,
SGO,KYSHAWN_GEORGE_1_NBA,kyshawn george,NBA,NBA,points_assists,13.5,-118,-112,fanduel,XgpI3Mp3RH7idpyCfJr1,,
SGO,REED_SHEPPARD_1_NBA,reed sheppard,NBA,NBA,points_assists,21.5,-104,-128,fanduel,XgpI3Mp3RH7idpyCfJr1,,
SGO,TARI_EASON_1_NBA,tari eason,NBA,NBA,points_assists,16.5,-104,-125,fanduel,XgpI3Mp3RH7idpyCfJr1,,
SGO,ALPEREN_SENGUN_1_NBA,alperen sengun,NBA,NBA,points_rebounds,29.5,-113,-113,fanduel,XgpI3Mp3RH7idpyCfJr1,,
SGO,AMEN_THOMPSON_1_NBA,amen thompson,NBA,NBA,points_rebounds,24.5,-120,-108,fanduel,XgpI3Mp3RH7idpyCfJr1,,
SGO,BILAL_COULIBALY_1_NBA,bilal coulibaly,NBA,NBA,points_rebounds,13.5,-105,-125,draftkings,XgpI3Mp3RH7idpyCfJr1,,
SGO,BUB_CARRINGTON_1_NBA,bub carrington,NBA,NBA,points_rebounds,11.5,-128,100,fanduel,XgpI3Mp3RH7idpyCfJr1,,
SGO,CLINT_CAPELA_1_NBA,clint capela,NBA,NBA,points_rebounds,10.5,-118,-108,fanduel,XgpI3Mp3RH7idpyCfJr1,,
SGO,KEVIN_DURANT_1_NBA,kevin durant,NBA,NBA,points_rebounds,28.5,-122,-104,fanduel,XgpI3Mp3RH7idpyCfJr1,,
SGO,KYSHAWN_GEORGE_1_NBA,kyshawn george,NBA,NBA,points_rebounds,14.5,-104,-122,fanduel,XgpI3Mp3RH7idpyCfJr1,,
SGO,REED_SHEPPARD_1_NBA,reed sheppard,NBA,NBA,points_rebounds,20.5,-115,-111,fanduel,XgpI3Mp3RH7idpyCfJr1,,
SGO,TARI_EASON_1_NBA,tari eason,NBA,NBA,points_rebounds,21.5,-122,-104,fanduel,XgpI3Mp3RH7idpyCfJr1,,
SGO,ALPEREN_SENGUN_1_NBA,alperen sengun,NBA,NBA,points,19.5,-118,-108,fanduel,XgpI3Mp3RH7idpyCfJr1,,
SGO,AMEN_THOMPSON_1_NBA,amen thompson,NBA,NBA,points,16.5,-111,-115,fanduel,XgpI3Mp3RH7idpyCfJr1,,
SGO,BILAL_COULIBALY_1_NBA,bilal coulibaly,NBA,NBA,points,9.5,-115,-111,fanduel,XgpI3Mp3RH7idpyCfJr1,,
SGO,BUB_CARRINGTON_1_NBA,bub carrington,NBA,NBA,points,8.5,-120,-106,fanduel,XgpI3Mp3RH7idpyCfJr1,,
SGO,CLINT_CAPELA_1_NBA,clint capela,NBA,NBA,points,4.5,-132,100,fanduel,XgpI3Mp3RH7idpyCfJr1,,
SGO,KEVIN_DURANT_1_NBA,kevin durant,NBA,NBA,points,23.5,-122,-104,fanduel,XgpI3Mp3RH7idpyCfJr1,,
SGO,KYSHAWN_GEORGE_1_NBA,kyshawn george,NBA,NBA,points,11.5,104,-132,fanduel,XgpI3Mp3RH7idpyCfJr1,,
SGO,REED_SHEPPARD_1_NBA,reed sheppard,NBA,NBA,points,16.5,-125,-102,fanduel,XgpI3Mp3RH7idpyCfJr1,,
SGO,TARI_EASON_1_NBA,tari eason,NBA,NBA,points,13.5,-130,102,fanduel,XgpI3Mp3RH7idpyCfJr1,,
SGO,TRE_JOHNSON_1_NBA,tre johnson,NBA,NBA,points,11.5,-102,-125,fanduel,XgpI3Mp3RH7idpyCfJr1,,
SGO,ALPEREN_SENGUN_1_NBA,alperen sengun,NBA,NBA,rebounds_assists,15.5,-113,-113,fanduel,XgpI3Mp3RH7idpyCfJr1,,
SGO,AMEN_THOMPSON_1_NBA,amen thompson,NBA,NBA,rebounds_assists,13.5,100,-128,fanduel,XgpI3Mp3RH7idpyCfJr1,,
SGO,BILAL_COULIBALY_1_NBA,bilal coulibaly,NBA,NBA,rebounds_assists,5.5,102,-130,fanduel,XgpI3Mp3RH7idpyCfJr1,,
SGO,BUB_CARRINGTON_1_NBA,bub carrington,NBA,NBA,rebounds_assists,7.5,112,-142,fanduel,XgpI3Mp3RH7idpyCfJr1,,
SGO,KEVIN_DURANT_1_NBA,kevin durant,NBA,NBA,rebounds_assists,9.5,-125,-102,fanduel,XgpI3Mp3RH7idpyCfJr1,,
SGO,KYSHAWN_GEORGE_1_NBA,kyshawn george,NBA,NBA,rebounds_assists,5.5,-115,-111,fanduel,XgpI3Mp3RH7idpyCfJr1,,
SGO,REED_SHEPPARD_1_NBA,reed sheppard,NBA,NBA,rebounds_assists,7.5,-113,-113,fanduel,XgpI3Mp3RH7idpyCfJr1,,
SGO,TARI_EASON_1_NBA,tari eason,NBA,NBA,rebounds_assists,9.5,-128,100,fanduel,XgpI3Mp3RH7idpyCfJr1,,
SGO,ALPEREN_SENGUN_1_NBA,alperen sengun,NBA,NBA,rebounds,9.5,-122,-104,fanduel,XgpI3Mp3RH7idpyCfJr1,,
SGO,AMEN_THOMPSON_1_NBA,amen thompson,NBA,NBA,rebounds,7.5,-146,114,fanduel,XgpI3Mp3RH7idpyCfJr1,,
SGO,BILAL_COULIBALY_1_NBA,bilal coulibaly,NBA,NBA,rebounds,3.5,118,-150,fanduel,XgpI3Mp3RH7idpyCfJr1,,
SGO,BUB_CARRINGTON_1_NBA,bub carrington,NBA,NBA,rebounds,3.5,142,-186,fanduel,XgpI3Mp3RH7idpyCfJr1,,
SGO,CLINT_CAPELA_1_NBA,clint capela,NBA,NBA,rebounds,5.5,-115,-111,fanduel,XgpI3Mp3RH7idpyCfJr1,,
SGO,KEVIN_DURANT_1_NBA,kevin durant,NBA,NBA,rebounds,5.5,126,-162,fanduel,XgpI3Mp3RH7idpyCfJr1,,
SGO,KYSHAWN_GEORGE_1_NBA,kyshawn george,NBA,NBA,rebounds,3.5,142,-184,fanduel,XgpI3Mp3RH7idpyCfJr1,,
SGO,REED_SHEPPARD_1_NBA,reed sheppard,NBA,NBA,rebounds,3.5,-108,-118,fanduel,XgpI3Mp3RH7idpyCfJr1,,
SGO,TARI_EASON_1_NBA,tari eason,NBA,NBA,rebounds,7.5,-113,-113,fanduel,XgpI3Mp3RH7idpyCfJr1,,
SGO,BUB_CARRINGTON_1_NBA,bub carrington,NBA,NBA,threes,1.5,-104,-122,fanduel,XgpI3Mp3RH7idpyCfJr1,,
SGO,KEVIN_DURANT_1_NBA,kevin durant,NBA,NBA,threes,2.5,-102,-125,fanduel,XgpI3Mp3RH7idpyCfJr1,,
SGO,KYSHAWN_GEORGE_1_NBA,kyshawn george,NBA,NBA,threes,1.5,140,-180,fanduel,XgpI3Mp3RH7idpyCfJr1,,
SGO,REED_SHEPPARD_1_NBA,reed sheppard,NBA,NBA,threes,2.5,-178,138,fanduel,XgpI3Mp3RH7idpyCfJr1,,
SGO,TARI_EASON_1_NBA,tari eason,NBA,NBA,threes,2.5,146,-188,fanduel,XgpI3Mp3RH7idpyCfJr1,,
SGO,TRE_JOHNSON_1_NBA,tre johnson,NBA,NBA,threes,1.5,110,-140,fanduel,XgpI3Mp3RH7idpyCfJr1,,
SGO,BILAL_COULIBALY_1_NBA,bilal coulibaly,NBA,NBA,threes,0.5,-150,110,betmgm,XgpI3Mp3RH7idpyCfJr1,,
SGO,T_VUKCEVIC_1_NBA,t vukcevic,NBA,NBA,threes,1.5,160,-220,betmgm,XgpI3Mp3RH7idpyCfJr1,,
SGO,TRE_JOHNSON_1_NBA,tre johnson,NBA,NBA,points_rebounds,13.5,-108,-122,draftkings,XgpI3Mp3RH7idpyCfJr1,,
SGO,TRE_JOHNSON_1_NBA,tre johnson,NBA,NBA,points_assists,13.5,-103,-130,draftkings,XgpI3Mp3RH7idpyCfJr1,,
SGO,TRE_JOHNSON_1_NBA,tre johnson,NBA,NBA,rebounds_assists,3.5,-105,-125,betmgm,XgpI3Mp3RH7idpyCfJr1,,
SGO,DORIAN_FINNEYSMITH_1_NBA,dorian finneysmith,NBA,NBA,threes,1.5,120,-160,betmgm,XgpI3Mp3RH7idpyCfJr1,,
SGO,JOSH_OKOGIE_1_NBA,josh okogie,NBA,NBA,threes,0.5,-150,110,betmgm,XgpI3Mp3RH7idpyCfJr1,,
SGO,WILL_RILEY_1_NBA,will riley,NBA,NBA,rebounds,4.5,100,-135,betmgm,XgpI3Mp3RH7idpyCfJr1,,
SGO,KEVIN_PORTER_1_NBA,kevin porter,NBA,NBA,points,15.5,106,-136,fanduel,lDQEkcq17O7tACkz899B,,
SGO,KEVIN_PORTER_1_NBA,kevin porter,NBA,NBA,assists,6.5,-125,-102,fanduel,lDQEkcq17O7tACkz899B,,
SGO,KEVIN_PORTER_1_NBA,kevin porter,NBA,NBA,points_rebounds,19.5,-115,-111,fanduel,lDQEkcq17O7tACkz899B,,
SGO,KEVIN_PORTER_1_NBA,kevin porter,NBA,NBA,rebounds_assists,11.5,-102,-125,fanduel,lDQEkcq17O7tACkz899B,,
SGO,KEVIN_PORTER_1_NBA,kevin porter,NBA,NBA,rebounds,4.5,-113,-113,fanduel,lDQEkcq17O7tACkz899B,,
SGO,KEVIN_PORTER_1_NBA,kevin porter,NBA,NBA,threes,1.5,180,-235,fanduel,lDQEkcq17O7tACkz899B,,
SGO,KEVIN_PORTER_1_NBA,kevin porter,NBA,NBA,points_assists,21.5,-120,-110,fanduel,lDQEkcq17O7tACkz899B,,
SGO,RYAN_ROLLINS_1_NBA,ryan rollins,NBA,NBA,assists,4.5,-104,-122,fanduel,lDQEkcq17O7tACkz899B,,
SGO,RYAN_ROLLINS_1_NBA,ryan rollins,NBA,NBA,points_rebounds,18.5,-111,-115,fanduel,lDQEkcq17O7tACkz899B,,
SGO,RYAN_ROLLINS_1_NBA,ryan rollins,NBA,NBA,points,14.5,106,-136,fanduel,lDQEkcq17O7tACkz899B,,
SGO,RYAN_ROLLINS_1_NBA,ryan rollins,NBA,NBA,rebounds_assists,8.5,-146,114,fanduel,lDQEkcq17O7tACkz899B,,
SGO,RYAN_ROLLINS_1_NBA,ryan rollins,NBA,NBA,rebounds,4.5,100,-128,fanduel,lDQEkcq17O7tACkz899B,,
SGO,RYAN_ROLLINS_1_NBA,ryan rollins,NBA,NBA,threes,2.5,134,-172,fanduel,lDQEkcq17O7tACkz899B,,
SGO,RYAN_ROLLINS_1_NBA,ryan rollins,NBA,NBA,points_assists,18.5,-114,-114,fanduel,lDQEkcq17O7tACkz899B,,
SGO,MYLES_TURNER_1_NBA,myles turner,NBA,NBA,points_rebounds,13.5,-128,100,fanduel,lDQEkcq17O7tACkz899B,,
SGO,MYLES_TURNER_1_NBA,myles turner,NBA,NBA,points,9.5,100,-128,fanduel,lDQEkcq17O7tACkz899B,,
SGO,MYLES_TURNER_1_NBA,myles turner,NBA,NBA,rebounds,4.5,-122,-104,fanduel,lDQEkcq17O7tACkz899B,,
SGO,MYLES_TURNER_1_NBA,myles turner,NBA,NBA,threes,1.5,-170,132,fanduel,lDQEkcq17O7tACkz899B,,
SGO,KYLE_KUZMA_1_NBA,kyle kuzma,NBA,NBA,assists,1.5,-171,129,draftkings,lDQEkcq17O7tACkz899B,,
SGO,KYLE_KUZMA_1_NBA,kyle kuzma,NBA,NBA,points_rebounds,13.5,100,-128,fanduel,lDQEkcq17O7tACkz899B,,
SGO,KYLE_KUZMA_1_NBA,kyle kuzma,NBA,NBA,points,9.5,-104,-122,fanduel,lDQEkcq17O7tACkz899B,,
SGO,KYLE_KUZMA_1_NBA,kyle kuzma,NBA,NBA,rebounds_assists,5.5,-131,-101,draftkings,lDQEkcq17O7tACkz899B,,
SGO,KYLE_KUZMA_1_NBA,kyle kuzma,NBA,NBA,rebounds,3.5,-122,-104,fanduel,lDQEkcq17O7tACkz899B,,
SGO,KYLE_KUZMA_1_NBA,kyle kuzma,NBA,NBA,threes,1.5,182,-240,fanduel,lDQEkcq17O7tACkz899B,,
SGO,KYLE_KUZMA_1_NBA,kyle kuzma,NBA,NBA,points_assists,11.5,-115,-115,draftkings,lDQEkcq17O7tACkz899B,,
SGO,AJ_GREEN_1_NBA,aj green,NBA,NBA,points_rebounds,11.5,-122,-104,fanduel,lDQEkcq17O7tACkz899B,,
SGO,AJ_GREEN_1_NBA,aj green,NBA,NBA,points,9.5,100,-128,fanduel,lDQEkcq17O7tACkz899B,,
SGO,AJ_GREEN_1_NBA,aj green,NBA,NBA,rebounds,2.5,106,-140,draftkings,lDQEkcq17O7tACkz899B,,
SGO,AJ_GREEN_1_NBA,aj green,NBA,NBA,threes,2.5,-118,-108,fanduel,lDQEkcq17O7tACkz899B,,
SGO,BOBBY_PORTIS_1_NBA,bobby portis,NBA,NBA,points_rebounds,14.5,-111,-115,fanduel,lDQEkcq17O7tACkz899B,,
SGO,BOBBY_PORTIS_1_NBA,bobby portis,NBA,NBA,points,9.5,-108,-118,fanduel,lDQEkcq17O7tACkz899B,,
SGO,BOBBY_PORTIS_1_NBA,bobby portis,NBA,NBA,rebounds,4.5,-130,102,fanduel,lDQEkcq17O7tACkz899B,,
SGO,BOBBY_PORTIS_1_NBA,bobby portis,NBA,NBA,threes,1.5,122,-156,fanduel,lDQEkcq17O7tACkz899B,,
SGO,CAM_THOMAS_1_NBA,cam thomas,NBA,NBA,points,9.5,-125,-102,fanduel,lDQEkcq17O7tACkz899B,,
SGO,JAYLEN_BROWN_1_NBA,jaylen brown,NBA,NBA,threes,1.5,-200,150,betmgm,lDQEkcq17O7tACkz899B,,
SGO,DERRICK_WHITE_1_NBA,derrick white,NBA,NBA,assists,6.5,-146,114,fanduel,lDQEkcq17O7tACkz899B,,
SGO,BAYLOR_SCHEIERMAN_1_NBA,baylor scheierman,NBA,NBA,points_rebounds,14.5,-115,-111,fanduel,lDQEkcq17O7tACkz899B,,
SGO,DERRICK_WHITE_1_NBA,derrick white,NBA,NBA,points_rebounds,25.5,-108,-118,fanduel,lDQEkcq17O7tACkz899B,,
SGO,BAYLOR_SCHEIERMAN_1_NBA,baylor scheierman,NBA,NBA,points,8.5,-125,-102,fanduel,lDQEkcq17O7tACkz899B,,
SGO,DERRICK_WHITE_1_NBA,derrick white,NBA,NBA,points,20.5,-120,-104,fanduel,lDQEkcq17O7tACkz899B,,
SGO,DERRICK_WHITE_1_NBA,derrick white,NBA,NBA,rebounds_assists,11.5,-106,-120,fanduel,lDQEkcq17O7tACkz899B,,
SGO,BAYLOR_SCHEIERMAN_1_NBA,baylor scheierman,NBA,NBA,rebounds,5.5,-113,-113,fanduel,lDQEkcq17O7tACkz899B,,
SGO,DERRICK_WHITE_1_NBA,derrick white,NBA,NBA,rebounds,4.5,110,-140,fanduel,lDQEkcq17O7tACkz899B,,
SGO,BAYLOR_SCHEIERMAN_1_NBA,baylor scheierman,NBA,NBA,threes,1.5,-158,124,fanduel,lDQEkcq17O7tACkz899B,,
SGO,DERRICK_WHITE_1_NBA,derrick white,NBA,NBA,threes,3.5,122,-156,fanduel,lDQEkcq17O7tACkz899B,,
SGO,DERRICK_WHITE_1_NBA,derrick white,NBA,NBA,points_assists,28.5,-106,-125,fanduel,lDQEkcq17O7tACkz899B,,
SGO,SAM_HAUSER_1_NBA,sam hauser,NBA,NBA,threes,2.5,-172,134,fanduel,lDQEkcq17O7tACkz899B,,
SGO,SAM_HAUSER_1_NBA,sam hauser,NBA,NBA,points_rebounds,15.5,-102,-125,fanduel,lDQEkcq17O7tACkz899B,,
SGO,SAM_HAUSER_1_NBA,sam hauser,NBA,NBA,points,11.5,102,-130,fanduel,lDQEkcq17O7tACkz899B,,
SGO,SAM_HAUSER_1_NBA,sam hauser,NBA,NBA,rebounds,3.5,-154,120,fanduel,lDQEkcq17O7tACkz899B,,
SGO,PAYTON_PRITCHARD_1_NBA,payton pritchard,NBA,NBA,assists,6.5,106,-136,fanduel,lDQEkcq17O7tACkz899B,,
SGO,PAYTON_PRITCHARD_1_NBA,payton pritchard,NBA,NBA,points_assists,27.5,-118,-114,fanduel,lDQEkcq17O7tACkz899B,,
SGO,PAYTON_PRITCHARD_1_NBA,payton pritchard,NBA,NBA,points_rebounds,25.5,-106,-120,fanduel,lDQEkcq17O7tACkz899B,,
SGO,PAYTON_PRITCHARD_1_NBA,payton pritchard,NBA,NBA,points,20.5,-122,-104,fanduel,lDQEkcq17O7tACkz899B,,
SGO,PAYTON_PRITCHARD_1_NBA,payton pritchard,NBA,NBA,rebounds_assists,10.5,-111,-115,fanduel,lDQEkcq17O7tACkz899B,,
SGO,PAYTON_PRITCHARD_1_NBA,payton pritchard,NBA,NBA,rebounds,3.5,-166,130,fanduel,lDQEkcq17O7tACkz899B,,
SGO,PAYTON_PRITCHARD_1_NBA,payton pritchard,NBA,NBA,threes,2.5,-164,128,fanduel,lDQEkcq17O7tACkz899B,,
SGO,DERRICK_WHITE_1_NBA,derrick white,NBA,NBA,blocks,1.5,148,-200,fanduel,lDQEkcq17O7tACkz899B,,
SGO,MYLES_TURNER_1_NBA,myles turner,NBA,NBA,blocks,1.5,148,-200,fanduel,lDQEkcq17O7tACkz899B,,
SGO,JAYLEN_BROWN_1_NBA,jaylen brown,NBA,NBA,steals,0.5,-225,164,fanduel,lDQEkcq17O7tACkz899B,,
SGO,KEVIN_PORTER_1_NBA,kevin porter,NBA,NBA,steals,1.5,-122,-108,fanduel,lDQEkcq17O7tACkz899B,,
SGO,RYAN_ROLLINS_1_NBA,ryan rollins,NBA,NBA,steals,1.5,126,-168,fanduel,lDQEkcq17O7tACkz899B,,
SGO,AJ_GREEN_1_NBA,aj green,NBA,NBA,assists,1.5,-120,-110,draftkings,lDQEkcq17O7tACkz899B,,
SGO,BAYLOR_SCHEIERMAN_1_NBA,baylor scheierman,NBA,NBA,assists,2.5,148,-192,fanduel,lDQEkcq17O7tACkz899B,,
SGO,MYLES_TURNER_1_NBA,myles turner,NBA,NBA,assists,1.5,155,-206,draftkings,lDQEkcq17O7tACkz899B,,
SGO,KYLE_KUZMA_1_NBA,kyle kuzma,NBA,NBA,blocks,0.5,260,-400,betmgm,lDQEkcq17O7tACkz899B,,
SGO,NIKOLA_VUCEVIC_1_NBA,nikola vucevic,NBA,NBA,assists,2.5,-131,-101,draftkings,lDQEkcq17O7tACkz899B,,
SGO,NIKOLA_VUCEVIC_1_NBA,nikola vucevic,NBA,NBA,points_rebounds,24.5,104,-138,fanduel,lDQEkcq17O7tACkz899B,,
SGO,NIKOLA_VUCEVIC_1_NBA,nikola vucevic,NBA,NBA,points,15.5,100,-128,fanduel,lDQEkcq17O7tACkz899B,,
SGO,NIKOLA_VUCEVIC_1_NBA,nikola vucevic,NBA,NBA,rebounds_assists,10.5,-122,-104,fanduel,lDQEkcq17O7tACkz899B,,
SGO,NIKOLA_VUCEVIC_1_NBA,nikola vucevic,NBA,NBA,rebounds,7.5,-146,114,fanduel,lDQEkcq17O7tACkz899B,,
SGO,NIKOLA_VUCEVIC_1_NBA,nikola vucevic,NBA,NBA,threes,1.5,-111,-115,fanduel,lDQEkcq17O7tACkz899B,,
SGO,AJ_GREEN_1_NBA,aj green,NBA,NBA,points_assists,10.5,-117,-113,draftkings,lDQEkcq17O7tACkz899B,,
SGO,BAYLOR_SCHEIERMAN_1_NBA,baylor scheierman,NBA,NBA,points_assists,11.5,102,-136,fanduel,lDQEkcq17O7tACkz899B,,
SGO,NIKOLA_VUCEVIC_1_NBA,nikola vucevic,NBA,NBA,points_assists,18.5,-111,-118,draftkings,lDQEkcq17O7tACkz899B,,
SGO,AJ_GREEN_1_NBA,aj green,NBA,NBA,rebounds_assists,4.5,122,-161,draftkings,lDQEkcq17O7tACkz899B,,
SGO,GIANNIS_ANTETOKOUNMPO_1_NBA,giannis antetokounmpo,NBA,NBA,assists,3.5,-148,116,fanduel,lDQEkcq17O7tACkz899B,,
SGO,GIANNIS_ANTETOKOUNMPO_1_NBA,giannis antetokounmpo,NBA,NBA,points_assists,24.5,-108,-122,fanduel,lDQEkcq17O7tACkz899B,,
SGO,GIANNIS_ANTETOKOUNMPO_1_NBA,giannis antetokounmpo,NBA,NBA,points_rebounds,27.5,-120,-106,fanduel,lDQEkcq17O7tACkz899B,,
SGO,GIANNIS_ANTETOKOUNMPO_1_NBA,giannis antetokounmpo,NBA,NBA,points,20.5,-104,-122,fanduel,lDQEkcq17O7tACkz899B,,
SGO,GIANNIS_ANTETOKOUNMPO_1_NBA,giannis antetokounmpo,NBA,NBA,rebounds_assists,11.5,-111,-115,fanduel,lDQEkcq17O7tACkz899B,,
SGO,GIANNIS_ANTETOKOUNMPO_1_NBA,giannis antetokounmpo,NBA,NBA,rebounds,7.5,-106,-120,fanduel,lDQEkcq17O7tACkz899B,,
SGO,GIANNIS_ANTETOKOUNMPO_1_NBA,giannis antetokounmpo,NBA,NBA,steals,0.5,-104,-127,draftkings,lDQEkcq17O7tACkz899B,,
SGO,HUGO_GONZALEZ_1_NBA,hugo gonzalez,NBA,NBA,points_rebounds,7.5,-104,-122,fanduel,lDQEkcq17O7tACkz899B,,
SGO,HUGO_GONZALEZ_1_NBA,hugo gonzalez,NBA,NBA,points,3.5,-128,100,fanduel,lDQEkcq17O7tACkz899B,,
SGO,HUGO_GONZALEZ_1_NBA,hugo gonzalez,NBA,NBA,rebounds,3.5,-102,-125,fanduel,lDQEkcq17O7tACkz899B,,
SGO,LUKA_GARZA_1_NBA,luka garza,NBA,NBA,points_rebounds,12.5,-113,-115,fanduel,lDQEkcq17O7tACkz899B,,
SGO,LUKA_GARZA_1_NBA,luka garza,NBA,NBA,points,8.5,-102,-125,fanduel,lDQEkcq17O7tACkz899B,,
SGO,LUKA_GARZA_1_NBA,luka garza,NBA,NBA,rebounds,4.5,124,-160,fanduel,lDQEkcq17O7tACkz899B,,
SGO,JORDAN_WALSH_1_NBA,jordan walsh,NBA,NBA,rebounds,3.5,-113,-113,fanduel,lDQEkcq17O7tACkz899B,,
SGO,JORDAN_WALSH_1_NBA,jordan walsh,NBA,NBA,points,4.5,-128,100,fanduel,lDQEkcq17O7tACkz899B,,
SGO,HUGO_GONZALEZ_1_NBA,hugo gonzalez,NBA,NBA,assists,0.5,-116,-114,draftkings,lDQEkcq17O7tACkz899B,,
SGO,JORDAN_WALSH_1_NBA,jordan walsh,NBA,NBA,assists,0.5,-176,133,draftkings,lDQEkcq17O7tACkz899B,,
SGO,LUKA_GARZA_1_NBA,luka garza,NBA,NBA,assists,0.5,-174,131,draftkings,lDQEkcq17O7tACkz899B,,
SGO,JORDAN_WALSH_1_NBA,jordan walsh,NBA,NBA,points_assists,6.5,104,-137,draftkings,lDQEkcq17O7tACkz899B,,
SGO,LUKA_GARZA_1_NBA,luka garza,NBA,NBA,points_assists,9.5,-104,-126,draftkings,lDQEkcq17O7tACkz899B,,
SGO,JORDAN_WALSH_1_NBA,jordan walsh,NBA,NBA,rebounds_assists,4.5,-123,-107,draftkings,lDQEkcq17O7tACkz899B,,
SGO,LUKA_GARZA_1_NBA,luka garza,NBA,NBA,rebounds_assists,5.5,104,-137,draftkings,lDQEkcq17O7tACkz899B,,
SGO,HUGO_GONZALEZ_1_NBA,hugo gonzalez,NBA,NBA,rebounds_assists,4.5,105,-138,draftkings,lDQEkcq17O7tACkz899B,,
SGO,BRUCE_BROWN_1_NBA,bruce brown,NBA,NBA,assists,2.5,108,-144,fanduel,zY1h7YGzp57aG5XqphoO,,
SGO,CHRISTIAN_BRAUN_1_NBA,christian braun,NBA,NBA,assists,2.5,-102,-130,fanduel,zY1h7YGzp57aG5XqphoO,,
SGO,ISAIAH_COLLIER_1_NBA,isaiah collier,NBA,NBA,assists,8.5,100,-128,fanduel,zY1h7YGzp57aG5XqphoO,,
SGO,JAMAL_MURRAY_1_NBA,jamal murray,NBA,NBA,assists,6.5,-142,112,fanduel,zY1h7YGzp57aG5XqphoO,,
SGO,KYLE_FILIPOWSKI_1_NBA,kyle filipowski,NBA,NBA,assists,2.5,124,-166,fanduel,zY1h7YGzp57aG5XqphoO,,
SGO,NIKOLA_JOKIC_1_NBA,nikola jokic,NBA,NBA,assists,10.5,-115,-111,fanduel,zY1h7YGzp57aG5XqphoO,,
SGO,CHRISTIAN_BRAUN_1_NBA,christian braun,NBA,NBA,points_assists,15.5,-118,-112,fanduel,zY1h7YGzp57aG5XqphoO,,
SGO,ISAIAH_COLLIER_1_NBA,isaiah collier,NBA,NBA,points_assists,21.5,-125,-106,fanduel,zY1h7YGzp57aG5XqphoO,,
SGO,JAMAL_MURRAY_1_NBA,jamal murray,NBA,NBA,points_assists,32.5,-106,-125,fanduel,zY1h7YGzp57aG5XqphoO,,
SGO,KYLE_FILIPOWSKI_1_NBA,kyle filipowski,NBA,NBA,points_assists,15.5,-114,-114,fanduel,zY1h7YGzp57aG5XqphoO,,
SGO,NIKOLA_JOKIC_1_NBA,nikola jokic,NBA,NBA,points_assists,39.5,-108,-122,fanduel,zY1h7YGzp57aG5XqphoO,,
SGO,BRICE_SENSABAUGH_1_NBA,brice sensabaugh,NBA,NBA,points_rebounds,19.5,-108,-118,fanduel,zY1h7YGzp57aG5XqphoO,,
SGO,CHRISTIAN_BRAUN_1_NBA,christian braun,NBA,NBA,points_rebounds,18.5,100,-128,fanduel,zY1h7YGzp57aG5XqphoO,,
SGO,CODY_WILLIAMS_1_NBA,cody williams,NBA,NBA,points_rebounds,10.5,-106,-120,fanduel,zY1h7YGzp57aG5XqphoO,,
SGO,ISAIAH_COLLIER_1_NBA,isaiah collier,NBA,NBA,points_rebounds,15.5,-125,-102,fanduel,zY1h7YGzp57aG5XqphoO,,
SGO,JAMAL_MURRAY_1_NBA,jamal murray,NBA,NBA,points_rebounds,29.5,-108,-118,fanduel,zY1h7YGzp57aG5XqphoO,,
SGO,KYLE_FILIPOWSKI_1_NBA,kyle filipowski,NBA,NBA,points_rebounds,21.5,-106,-120,fanduel,zY1h7YGzp57aG5XqphoO,,
SGO,NIKOLA_JOKIC_1_NBA,nikola jokic,NBA,NBA,points_rebounds,41.5,-111,-115,fanduel,zY1h7YGzp57aG5XqphoO,,
SGO,BRICE_SENSABAUGH_1_NBA,brice sensabaugh,NBA,NBA,points,16.5,-102,-125,fanduel,zY1h7YGzp57aG5XqphoO,,
SGO,CHRISTIAN_BRAUN_1_NBA,christian braun,NBA,NBA,points,12.5,-125,-102,fanduel,zY1h7YGzp57aG5XqphoO,,
SGO,CODY_WILLIAMS_1_NBA,cody williams,NBA,NBA,points,7.5,-102,-125,fanduel,zY1h7YGzp57aG5XqphoO,,
SGO,ISAIAH_COLLIER_1_NBA,isaiah collier,NBA,NBA,points,13.5,100,-128,fanduel,zY1h7YGzp57aG5XqphoO,,
SGO,JAMAL_MURRAY_1_NBA,jamal murray,NBA,NBA,points,24.5,-125,-102,fanduel,zY1h7YGzp57aG5XqphoO,,
SGO,JULIAN_STRAWTHER_1_NBA,julian strawther,NBA,NBA,points,11.5,-125,-102,fanduel,zY1h7YGzp57aG5XqphoO,,
SGO,KYLE_FILIPOWSKI_1_NBA,kyle filipowski,NBA,NBA,points,12.5,-128,100,fanduel,zY1h7YGzp57aG5XqphoO,,
SGO,NIKOLA_JOKIC_1_NBA,nikola jokic,NBA,NBA,points,28.5,-111,-115,fanduel,zY1h7YGzp57aG5XqphoO,,
SGO,BRUCE_BROWN_1_NBA,bruce brown,NBA,NBA,rebounds_assists,6.5,-138,104,fanduel,zY1h7YGzp57aG5XqphoO,,
SGO,CHRISTIAN_BRAUN_1_NBA,christian braun,NBA,NBA,rebounds_assists,7.5,-125,-106,fanduel,zY1h7YGzp57aG5XqphoO,,
SGO,ISAIAH_COLLIER_1_NBA,isaiah collier,NBA,NBA,rebounds_assists,11.5,-104,-122,fanduel,zY1h7YGzp57aG5XqphoO,,
SGO,JAMAL_MURRAY_1_NBA,jamal murray,NBA,NBA,rebounds_assists,11.5,104,-132,fanduel,zY1h7YGzp57aG5XqphoO,,
SGO,KYLE_FILIPOWSKI_1_NBA,kyle filipowski,NBA,NBA,rebounds_assists,10.5,-113,-113,fanduel,zY1h7YGzp57aG5XqphoO,,
SGO,NIKOLA_JOKIC_1_NBA,nikola jokic,NBA,NBA,rebounds_assists,23.5,-113,-113,fanduel,zY1h7YGzp57aG5XqphoO,,
SGO,BRICE_SENSABAUGH_1_NBA,brice sensabaugh,NBA,NBA,rebounds,3.5,130,-166,fanduel,zY1h7YGzp57aG5XqphoO,,
SGO,BRUCE_BROWN_1_NBA,bruce brown,NBA,NBA,rebounds,4.5,100,-128,fanduel,zY1h7YGzp57aG5XqphoO,,
SGO,CHRISTIAN_BRAUN_1_NBA,christian braun,NBA,NBA,rebounds,4.5,-162,126,fanduel,zY1h7YGzp57aG5XqphoO,,
SGO,CODY_WILLIAMS_1_NBA,cody williams,NBA,NBA,rebounds,2.5,-152,115,draftkings,zY1h7YGzp57aG5XqphoO,,
SGO,ISAIAH_COLLIER_1_NBA,isaiah collier,NBA,NBA,rebounds,2.5,-167,126,draftkings,zY1h7YGzp57aG5XqphoO,,
SGO,JAMAL_MURRAY_1_NBA,jamal murray,NBA,NBA,rebounds,4.5,124,-160,fanduel,zY1h7YGzp57aG5XqphoO,,
SGO,KYLE_FILIPOWSKI_1_NBA,kyle filipowski,NBA,NBA,rebounds,7.5,-140,110,fanduel,zY1h7YGzp57aG5XqphoO,,
SGO,NIKOLA_JOKIC_1_NBA,nikola jokic,NBA,NBA,rebounds,12.5,-128,100,fanduel,zY1h7YGzp57aG5XqphoO,,
SGO,BRICE_SENSABAUGH_1_NBA,brice sensabaugh,NBA,NBA,threes,2.5,112,-142,fanduel,zY1h7YGzp57aG5XqphoO,,
SGO,CHRISTIAN_BRAUN_1_NBA,christian braun,NBA,NBA,threes,1.5,162,-210,fanduel,zY1h7YGzp57aG5XqphoO,,
SGO,JAMAL_MURRAY_1_NBA,jamal murray,NBA,NBA,threes,3.5,126,-162,fanduel,zY1h7YGzp57aG5XqphoO,,
SGO,NIKOLA_JOKIC_1_NBA,nikola jokic,NBA,NBA,threes,1.5,-188,146,fanduel,zY1h7YGzp57aG5XqphoO,,
SGO,BRUCE_BROWN_1_NBA,bruce brown,NBA,NBA,points_rebounds,13.5,-122,-104,fanduel,zY1h7YGzp57aG5XqphoO,,
SGO,BRUCE_BROWN_1_NBA,bruce brown,NBA,NBA,points,9.5,-102,-125,fanduel,zY1h7YGzp57aG5XqphoO,,
SGO,AIRIOUS_BAILEY_1_NBA,airious bailey,NBA,NBA,assists,1.5,-188,146,fanduel,zY1h7YGzp57aG5XqphoO,,
SGO,BRUCE_BROWN_1_NBA,bruce brown,NBA,NBA,points_assists,11.5,-128,-104,fanduel,zY1h7YGzp57aG5XqphoO,,
SGO,AIRIOUS_BAILEY_1_NBA,airious bailey,NBA,NBA,points_rebounds,20.5,-104,-122,fanduel,zY1h7YGzp57aG5XqphoO,,
SGO,AIRIOUS_BAILEY_1_NBA,airious bailey,NBA,NBA,points,15.5,-113,-113,fanduel,zY1h7YGzp57aG5XqphoO,,
SGO,AIRIOUS_BAILEY_1_NBA,airious bailey,NBA,NBA,rebounds_assists,6.5,-130,-102,fanduel,zY1h7YGzp57aG5XqphoO,,
SGO,AIRIOUS_BAILEY_1_NBA,airious bailey,NBA,NBA,rebounds,4.5,-118,-108,fanduel,zY1h7YGzp57aG5XqphoO,,
SGO,AIRIOUS_BAILEY_1_NBA,airious bailey,NBA,NBA,threes,1.5,-142,112,fanduel,zY1h7YGzp57aG5XqphoO,,
SGO,AIRIOUS_BAILEY_1_NBA,airious bailey,NBA,NBA,points_assists,17.5,-118,-112,fanduel,zY1h7YGzp57aG5XqphoO,,
SGO,KEYONTE_GEORGE_1_NBA,keyonte george,NBA,NBA,assists,4.5,-113,-113,fanduel,zY1h7YGzp57aG5XqphoO,,
SGO,KEYONTE_GEORGE_1_NBA,keyonte george,NBA,NBA,points_rebounds,20.5,-115,-111,fanduel,zY1h7YGzp57aG5XqphoO,,
SGO,KEYONTE_GEORGE_1_NBA,keyonte george,NBA,NBA,points,17.5,-125,-102,fanduel,zY1h7YGzp57aG5XqphoO,,
SGO,KEYONTE_GEORGE_1_NBA,keyonte george,NBA,NBA,rebounds_assists,7.5,-102,-125,fanduel,zY1h7YGzp57aG5XqphoO,,
SGO,KEYONTE_GEORGE_1_NBA,keyonte george,NBA,NBA,rebounds,2.5,-114,-115,draftkings,zY1h7YGzp57aG5XqphoO,,
SGO,KEYONTE_GEORGE_1_NBA,keyonte george,NBA,NBA,threes,1.5,-150,118,fanduel,zY1h7YGzp57aG5XqphoO,,
SGO,KEYONTE_GEORGE_1_NBA,keyonte george,NBA,NBA,points_assists,22.5,-118,-112,fanduel,zY1h7YGzp57aG5XqphoO,,
SGO,JULIAN_STRAWTHER_1_NBA,julian strawther,NBA,NBA,rebounds,3.5,124,-160,fanduel,zY1h7YGzp57aG5XqphoO,,
SGO,NIKOLA_JOKIC_1_NBA,nikola jokic,NBA,NBA,steals,1.5,138,-186,fanduel,zY1h7YGzp57aG5XqphoO,,
SGO,CODY_WILLIAMS_1_NBA,cody williams,NBA,NBA,threes,0.5,104,-136,draftkings,zY1h7YGzp57aG5XqphoO,,
SGO,JULIAN_STRAWTHER_1_NBA,julian strawther,NBA,NBA,threes,1.5,-130,102,fanduel,zY1h7YGzp57aG5XqphoO,,
SGO,KYLE_FILIPOWSKI_1_NBA,kyle filipowski,NBA,NBA,threes,1.5,152,-196,fanduel,zY1h7YGzp57aG5XqphoO,,
SGO,CODY_WILLIAMS_1_NBA,cody williams,NBA,NBA,blocks,0.5,135,-190,betmgm,zY1h7YGzp57aG5XqphoO,,
SGO,JULIAN_STRAWTHER_1_NBA,julian strawther,NBA,NBA,blocks,0.5,220,-325,betmgm,zY1h7YGzp57aG5XqphoO,,
SGO,KEYONTE_GEORGE_1_NBA,keyonte george,NBA,NBA,blocks,0.5,360,-625,betmgm,zY1h7YGzp57aG5XqphoO,,
SGO,JULIAN_STRAWTHER_1_NBA,julian strawther,NBA,NBA,points_rebounds,15.5,-106,-125,fanduel,zY1h7YGzp57aG5XqphoO,,
SGO,JAMAL_MURRAY_1_NBA,jamal murray,NBA,NBA,steals,1.5,194,-270,fanduel,zY1h7YGzp57aG5XqphoO,,
SGO,BRUCE_BROWN_1_NBA,bruce brown,NBA,NBA,threes,0.5,-153,116,draftkings,zY1h7YGzp57aG5XqphoO,,
SGO,BRUCE_BROWN_1_NBA,bruce brown,NBA,NBA,steals,1.5,148,-200,fanduel,zY1h7YGzp57aG5XqphoO,,
SGO,BRUCE_BROWN_1_NBA,bruce brown,NBA,NBA,blocks,0.5,160,-225,betmgm,zY1h7YGzp57aG5XqphoO,,
SGO,TIM_HARDAWAY_JR_1_NBA,tim hardaway jr,NBA,NBA,points_rebounds,18.5,-102,-130,fanduel,zY1h7YGzp57aG5XqphoO,,
SGO,TIM_HARDAWAY_JR_1_NBA,tim hardaway jr,NBA,NBA,points,15.5,-102,-125,fanduel,zY1h7YGzp57aG5XqphoO,,
SGO,TIM_HARDAWAY_JR_1_NBA,tim hardaway jr,NBA,NBA,rebounds,2.5,-138,108,fanduel,zY1h7YGzp57aG5XqphoO,,
SGO,TIM_HARDAWAY_JR_1_NBA,tim hardaway jr,NBA,NBA,threes,2.5,-132,104,fanduel,zY1h7YGzp57aG5XqphoO,,
SGO,JOHN_KONCHAR_1_NBA,john konchar,NBA,NBA,points_rebounds,8.5,-115,-111,fanduel,zY1h7YGzp57aG5XqphoO,,
SGO,JOHN_KONCHAR_1_NBA,john konchar,NBA,NBA,points,4.5,-104,-122,fanduel,zY1h7YGzp57aG5XqphoO,,
SGO,JOHN_KONCHAR_1_NBA,john konchar,NBA,NBA,rebounds,4.5,134,-172,fanduel,zY1h7YGzp57aG5XqphoO,,
SGO,ZEKE_NNAJI_1_NBA,zeke nnaji,NBA,NBA,points,4.5,-113,-113,fanduel,zY1h7YGzp57aG5XqphoO,,
SGO,ZEKE_NNAJI_1_NBA,zeke nnaji,NBA,NBA,rebounds,3.5,118,-150,fanduel,zY1h7YGzp57aG5XqphoO,,
SGO,KAWHI_LEONARD_1_NBA,kawhi leonard,NBA,NBA,assists,3.5,-146,114,fanduel,mSQqddHp5TPDJGYY7SmH,,
SGO,KAWHI_LEONARD_1_NBA,kawhi leonard,NBA,NBA,points_assists,30.5,-112,-118,fanduel,mSQqddHp5TPDJGYY7SmH,,
SGO,KAWHI_LEONARD_1_NBA,kawhi leonard,NBA,NBA,points_rebounds,33.5,-113,-113,fanduel,mSQqddHp5TPDJGYY7SmH,,
SGO,KAWHI_LEONARD_1_NBA,kawhi leonard,NBA,NBA,points,26.5,-111,-115,fanduel,mSQqddHp5TPDJGYY7SmH,,
SGO,KAWHI_LEONARD_1_NBA,kawhi leonard,NBA,NBA,rebounds_assists,10.5,-128,100,fanduel,mSQqddHp5TPDJGYY7SmH,,
SGO,KAWHI_LEONARD_1_NBA,kawhi leonard,NBA,NBA,rebounds,6.5,-132,104,fanduel,mSQqddHp5TPDJGYY7SmH,,
SGO,KAWHI_LEONARD_1_NBA,kawhi leonard,NBA,NBA,threes,2.5,148,-192,fanduel,mSQqddHp5TPDJGYY7SmH,,
SGO,BROOK_LOPEZ_1_NBA,brook lopez,NBA,NBA,points_rebounds,13.5,-128,100,fanduel,mSQqddHp5TPDJGYY7SmH,,
SGO,BROOK_LOPEZ_1_NBA,brook lopez,NBA,NBA,points,8.5,-130,102,fanduel,mSQqddHp5TPDJGYY7SmH,,
SGO,BROOK_LOPEZ_1_NBA,brook lopez,NBA,NBA,rebounds,4.5,-138,108,fanduel,mSQqddHp5TPDJGYY7SmH,,
SGO,BROOK_LOPEZ_1_NBA,brook lopez,NBA,NBA,threes,1.5,-113,-113,fanduel,mSQqddHp5TPDJGYY7SmH,,
SGO,JOHN_COLLINS_1_NBA,john collins,NBA,NBA,threes,1.5,155,-210,betmgm,mSQqddHp5TPDJGYY7SmH,,
SGO,DERRICK_JONES_JR_1_NBA,derrick jones jr,NBA,NBA,points_rebounds,14.5,-120,-106,fanduel,mSQqddHp5TPDJGYY7SmH,,
SGO,DERRICK_JONES_JR_1_NBA,derrick jones jr,NBA,NBA,points,11.5,102,-130,fanduel,mSQqddHp5TPDJGYY7SmH,,
SGO,DERRICK_JONES_JR_1_NBA,derrick jones jr,NBA,NBA,rebounds,3.5,-108,-118,fanduel,mSQqddHp5TPDJGYY7SmH,,
SGO,DERRICK_JONES_JR_1_NBA,derrick jones jr,NBA,NBA,threes,1.5,150,-194,fanduel,mSQqddHp5TPDJGYY7SmH,,
SGO,KRIS_DUNN_1_NBA,kris dunn,NBA,NBA,assists,3.5,-160,124,fanduel,mSQqddHp5TPDJGYY7SmH,,
SGO,KRIS_DUNN_1_NBA,kris dunn,NBA,NBA,points_rebounds,10.5,-130,102,fanduel,mSQqddHp5TPDJGYY7SmH,,
SGO,KRIS_DUNN_1_NBA,kris dunn,NBA,NBA,points,7.5,100,-128,fanduel,mSQqddHp5TPDJGYY7SmH,,
SGO,KRIS_DUNN_1_NBA,kris dunn,NBA,NBA,rebounds_assists,7.5,-120,-106,fanduel,mSQqddHp5TPDJGYY7SmH,,
SGO,KRIS_DUNN_1_NBA,kris dunn,NBA,NBA,rebounds,3.5,-118,-108,fanduel,mSQqddHp5TPDJGYY7SmH,,
SGO,KRIS_DUNN_1_NBA,kris dunn,NBA,NBA,threes,1.5,220,-240,fanduel,mSQqddHp5TPDJGYY7SmH,,
SGO,KRIS_DUNN_1_NBA,kris dunn,NBA,NBA,points_assists,11.5,-110,-120,fanduel,mSQqddHp5TPDJGYY7SmH,,
SGO,BENNEDICT_MATHURIN_1_NBA,bennedict mathurin,NBA,NBA,assists,2.5,-162,122,fanduel,mSQqddHp5TPDJGYY7SmH,,
SGO,BENNEDICT_MATHURIN_1_NBA,bennedict mathurin,NBA,NBA,points_rebounds,22.5,-122,-104,fanduel,mSQqddHp5TPDJGYY7SmH,,
SGO,BENNEDICT_MATHURIN_1_NBA,bennedict mathurin,NBA,NBA,points,17.5,-104,-122,fanduel,mSQqddHp5TPDJGYY7SmH,,
SGO,BENNEDICT_MATHURIN_1_NBA,bennedict mathurin,NBA,NBA,rebounds_assists,8.5,104,-132,fanduel,mSQqddHp5TPDJGYY7SmH,,
SGO,BENNEDICT_MATHURIN_1_NBA,bennedict mathurin,NBA,NBA,rebounds,5.5,102,-130,fanduel,mSQqddHp5TPDJGYY7SmH,,
SGO,BENNEDICT_MATHURIN_1_NBA,bennedict mathurin,NBA,NBA,threes,1.5,120,-154,fanduel,mSQqddHp5TPDJGYY7SmH,,
SGO,BENNEDICT_MATHURIN_1_NBA,bennedict mathurin,NBA,NBA,points_assists,20.5,-104,-128,fanduel,mSQqddHp5TPDJGYY7SmH,,
SGO,DARIUS_GARLAND_1_NBA,darius garland,NBA,NBA,assists,4.5,-138,108,fanduel,mSQqddHp5TPDJGYY7SmH,,
SGO,DARIUS_GARLAND_1_NBA,darius garland,NBA,NBA,points_assists,17.5,-106,-125,fanduel,mSQqddHp5TPDJGYY7SmH,,
SGO,DARIUS_GARLAND_1_NBA,darius garland,NBA,NBA,points,12.5,-106,-120,fanduel,mSQqddHp5TPDJGYY7SmH,,
SGO,DARIUS_GARLAND_1_NBA,darius garland,NBA,NBA,threes,1.5,102,-130,fanduel,mSQqddHp5TPDJGYY7SmH,,
SGO,BRANDIN_PODZIEMSKI_1_NBA,brandin podziemski,NBA,NBA,assists,4.5,-113,-113,fanduel,mSQqddHp5TPDJGYY7SmH,,
SGO,BRANDIN_PODZIEMSKI_1_NBA,brandin podziemski,NBA,NBA,points_assists,20.5,-112,-118,fanduel,mSQqddHp5TPDJGYY7SmH,,
SGO,BRANDIN_PODZIEMSKI_1_NBA,brandin podziemski,NBA,NBA,points_rebounds,21.5,-125,-102,fanduel,mSQqddHp5TPDJGYY7SmH,,
SGO,BRANDIN_PODZIEMSKI_1_NBA,brandin podziemski,NBA,NBA,points,15.5,-113,-113,fanduel,mSQqddHp5TPDJGYY7SmH,,
SGO,BRANDIN_PODZIEMSKI_1_NBA,brandin podziemski,NBA,NBA,rebounds_assists,10.5,-128,100,fanduel,mSQqddHp5TPDJGYY7SmH,,
SGO,BRANDIN_PODZIEMSKI_1_NBA,brandin podziemski,NBA,NBA,rebounds,6.5,118,-150,fanduel,mSQqddHp5TPDJGYY7SmH,,
SGO,BRANDIN_PODZIEMSKI_1_NBA,brandin podziemski,NBA,NBA,threes,1.5,-156,124,fanduel,mSQqddHp5TPDJGYY7SmH,,
SGO,DEANTHONY_MELTON_1_NBA,deanthony melton,NBA,NBA,assists,2.5,-140,106,fanduel,mSQqddHp5TPDJGYY7SmH,,
SGO,DRAYMOND_GREEN_1_NBA,draymond green,NBA,NBA,assists,4.5,-122,-104,fanduel,mSQqddHp5TPDJGYY7SmH,,
SGO,DEANTHONY_MELTON_1_NBA,deanthony melton,NBA,NBA,points_assists,18.5,-120,-110,fanduel,mSQqddHp5TPDJGYY7SmH,,
SGO,DRAYMOND_GREEN_1_NBA,draymond green,NBA,NBA,points_assists,13.5,-104,-128,fanduel,mSQqddHp5TPDJGYY7SmH,,
SGO,DEANTHONY_MELTON_1_NBA,deanthony melton,NBA,NBA,points_rebounds,18.5,-125,-102,fanduel,mSQqddHp5TPDJGYY7SmH,,
SGO,DRAYMOND_GREEN_1_NBA,draymond green,NBA,NBA,points_rebounds,13.5,-128,100,fanduel,mSQqddHp5TPDJGYY7SmH,,
SGO,DEANTHONY_MELTON_1_NBA,deanthony melton,NBA,NBA,points,15.5,-122,-104,fanduel,mSQqddHp5TPDJGYY7SmH,,
SGO,DRAYMOND_GREEN_1_NBA,draymond green,NBA,NBA,points,8.5,-102,-125,fanduel,mSQqddHp5TPDJGYY7SmH,,
SGO,DEANTHONY_MELTON_1_NBA,deanthony melton,NBA,NBA,rebounds_assists,5.5,-130,102,fanduel,mSQqddHp5TPDJGYY7SmH,,
SGO,DRAYMOND_GREEN_1_NBA,draymond green,NBA,NBA,rebounds_assists,10.5,104,-132,fanduel,mSQqddHp5TPDJGYY7SmH,,
SGO,DEANTHONY_MELTON_1_NBA,deanthony melton,NBA,NBA,rebounds,3.5,142,-184,fanduel,mSQqddHp5TPDJGYY7SmH,,
SGO,DRAYMOND_GREEN_1_NBA,draymond green,NBA,NBA,rebounds,5.5,100,-128,fanduel,mSQqddHp5TPDJGYY7SmH,,
SGO,DEANTHONY_MELTON_1_NBA,deanthony melton,NBA,NBA,threes,1.5,-184,142,fanduel,mSQqddHp5TPDJGYY7SmH,,
SGO,DRAYMOND_GREEN_1_NBA,draymond green,NBA,NBA,threes,1.5,-111,-115,fanduel,mSQqddHp5TPDJGYY7SmH,,
SGO,GUI_SANTOS_1_NBA,gui santos,NBA,NBA,assists,2.5,-136,106,fanduel,mSQqddHp5TPDJGYY7SmH,,
SGO,GUI_SANTOS_1_NBA,gui santos,NBA,NBA,points_assists,15.5,-120,-110,fanduel,mSQqddHp5TPDJGYY7SmH,,
SGO,GUI_SANTOS_1_NBA,gui santos,NBA,NBA,points_rebounds,18.5,-104,-122,fanduel,mSQqddHp5TPDJGYY7SmH,,
SGO,GUI_SANTOS_1_NBA,gui santos,NBA,NBA,points,12.5,-122,-104,fanduel,mSQqddHp5TPDJGYY7SmH,,
SGO,GUI_SANTOS_1_NBA,gui santos,NBA,NBA,rebounds_assists,8.5,116,-148,fanduel,mSQqddHp5TPDJGYY7SmH,,
SGO,GUI_SANTOS_1_NBA,gui santos,NBA,NBA,rebounds,5.5,112,-142,fanduel,mSQqddHp5TPDJGYY7SmH,,
SGO,GUI_SANTOS_1_NBA,gui santos,NBA,NBA,threes,1.5,-113,-113,fanduel,mSQqddHp5TPDJGYY7SmH,,
SGO,MOSES_MOODY_1_NBA,moses moody,NBA,NBA,points_rebounds,17.5,-125,-102,fanduel,mSQqddHp5TPDJGYY7SmH,,
SGO,MOSES_MOODY_1_NBA,moses moody,NBA,NBA,points,14.5,-106,-120,fanduel,mSQqddHp5TPDJGYY7SmH,,
SGO,MOSES_MOODY_1_NBA,moses moody,NBA,NBA,rebounds,3.5,-102,-125,fanduel,mSQqddHp5TPDJGYY7SmH,,
SGO,MOSES_MOODY_1_NBA,moses moody,NBA,NBA,threes,2.5,-170,132,fanduel,mSQqddHp5TPDJGYY7SmH,,
SGO,AL_HORFORD_1_NBA,al horford,NBA,NBA,assists,2.5,-174,130,fanduel,mSQqddHp5TPDJGYY7SmH,,
SGO,AL_HORFORD_1_NBA,al horford,NBA,NBA,points_assists,12.5,100,-132,fanduel,mSQqddHp5TPDJGYY7SmH,,
SGO,AL_HORFORD_1_NBA,al horford,NBA,NBA,points_rebounds,14.5,-115,-111,fanduel,mSQqddHp5TPDJGYY7SmH,,
SGO,AL_HORFORD_1_NBA,al horford,NBA,NBA,points,9.5,100,-128,fanduel,mSQqddHp5TPDJGYY7SmH,,
SGO,AL_HORFORD_1_NBA,al horford,NBA,NBA,rebounds_assists,8.5,102,-130,fanduel,mSQqddHp5TPDJGYY7SmH,,
SGO,AL_HORFORD_1_NBA,al horford,NBA,NBA,rebounds,5.5,102,-130,fanduel,mSQqddHp5TPDJGYY7SmH,,
SGO,AL_HORFORD_1_NBA,al horford,NBA,NBA,threes,1.5,-122,-104,fanduel,mSQqddHp5TPDJGYY7SmH,,
SGO,PAT_SPENCER_1_NBA,pat spencer,NBA,NBA,assists,4.5,-113,-113,fanduel,mSQqddHp5TPDJGYY7SmH,,
SGO,PAT_SPENCER_1_NBA,pat spencer,NBA,NBA,points_rebounds,11.5,-104,-128,fanduel,mSQqddHp5TPDJGYY7SmH,,
SGO,PAT_SPENCER_1_NBA,pat spencer,NBA,NBA,points,8.5,-104,-122,fanduel,mSQqddHp5TPDJGYY7SmH,,
SGO,PAT_SPENCER_1_NBA,pat spencer,NBA,NBA,rebounds_assists,7.5,-108,-122,fanduel,mSQqddHp5TPDJGYY7SmH,,
SGO,PAT_SPENCER_1_NBA,pat spencer,NBA,NBA,rebounds,2.5,-114,-114,fanduel,mSQqddHp5TPDJGYY7SmH,,
SGO,PAT_SPENCER_1_NBA,pat spencer,NBA,NBA,points_assists,13.5,100,-132,fanduel,mSQqddHp5TPDJGYY7SmH,,
SGO,BROOK_LOPEZ_1_NBA,brook lopez,NBA,NBA,assists,1.5,-105,-125,draftkings,mSQqddHp5TPDJGYY7SmH,,
SGO,DERRICK_JONES_JR_1_NBA,derrick jones jr,NBA,NBA,assists,1.5,-103,-128,draftkings,mSQqddHp5TPDJGYY7SmH,,
SGO,BROOK_LOPEZ_1_NBA,brook lopez,NBA,NBA,points_assists,10.5,-110,-120,betmgm,mSQqddHp5TPDJGYY7SmH,,
SGO,DARIUS_GARLAND_1_NBA,darius garland,NBA,NBA,points_rebounds,14.5,-124,-106,draftkings,mSQqddHp5TPDJGYY7SmH,,
SGO,DARIUS_GARLAND_1_NBA,darius garland,NBA,NBA,rebounds_assists,6.5,-125,-105,draftkings,mSQqddHp5TPDJGYY7SmH,,
SGO,DARIUS_GARLAND_1_NBA,darius garland,NBA,NBA,rebounds,2.5,139,-185,draftkings,mSQqddHp5TPDJGYY7SmH,,
SGO,DEANTHONY_MELTON_1_NBA,deanthony melton,NBA,NBA,steals,1.5,-114,-114,fanduel,mSQqddHp5TPDJGYY7SmH,,
SGO,GUI_SANTOS_1_NBA,gui santos,NBA,NBA,steals,1.5,194,-270,fanduel,mSQqddHp5TPDJGYY7SmH,,
SGO,MOSES_MOODY_1_NBA,moses moody,NBA,NBA,steals,0.5,-210,154,fanduel,mSQqddHp5TPDJGYY7SmH,,
SGO,BROOK_LOPEZ_1_NBA,brook lopez,NBA,NBA,blocks,1.5,148,-200,fanduel,mSQqddHp5TPDJGYY7SmH,,
SGO,DERRICK_JONES_JR_1_NBA,derrick jones jr,NBA,NBA,blocks,0.5,-174,130,fanduel,mSQqddHp5TPDJGYY7SmH,,
SGO,DERRICK_JONES_JR_1_NBA,derrick jones jr,NBA,NBA,steals,0.5,-188,140,fanduel,mSQqddHp5TPDJGYY7SmH,,
SGO,KAWHI_LEONARD_1_NBA,kawhi leonard,NBA,NBA,steals,1.5,-130,-102,fanduel,mSQqddHp5TPDJGYY7SmH,,
SGO,KRIS_DUNN_1_NBA,kris dunn,NBA,NBA,steals,1.5,-106,-125,fanduel,mSQqddHp5TPDJGYY7SmH,,
SGO,BRANDIN_PODZIEMSKI_1_NBA,brandin podziemski,NBA,NBA,blocks,0.5,290,-450,betmgm,mSQqddHp5TPDJGYY7SmH,,
SGO,DEANTHONY_MELTON_1_NBA,deanthony melton,NBA,NBA,blocks,0.5,210,-300,betmgm,mSQqddHp5TPDJGYY7SmH,,
SGO,DRAYMOND_GREEN_1_NBA,draymond green,NBA,NBA,blocks,0.5,145,-200,betmgm,mSQqddHp5TPDJGYY7SmH,,
SGO,MOSES_MOODY_1_NBA,moses moody,NBA,NBA,assists,1.5,-184,139,draftkings,mSQqddHp5TPDJGYY7SmH,,
SGO,GUI_SANTOS_1_NBA,gui santos,NBA,NBA,blocks,0.5,140,-200,betmgm,mSQqddHp5TPDJGYY7SmH,,
SGO,MOSES_MOODY_1_NBA,moses moody,NBA,NBA,blocks,0.5,150,-210,betmgm,mSQqddHp5TPDJGYY7SmH,,
SGO,MOSES_MOODY_1_NBA,moses moody,NBA,NBA,points_assists,16.5,-120,-110,draftkings,mSQqddHp5TPDJGYY7SmH,,
SGO,KAWHI_LEONARD_1_NBA,kawhi leonard,NBA,NBA,blocks,0.5,155,-220,betmgm,mSQqddHp5TPDJGYY7SmH,,
SGO,BROOK_LOPEZ_1_NBA,brook lopez,NBA,NBA,rebounds_assists,6.5,100,-135,betmgm,mSQqddHp5TPDJGYY7SmH,,
SGO,BENNEDICT_MATHURIN_1_NBA,bennedict mathurin,NBA,NBA,blocks,0.5,310,-500,betmgm,mSQqddHp5TPDJGYY7SmH,,
SGO,KRIS_DUNN_1_NBA,kris dunn,NBA,NBA,blocks,0.5,450,-800,betmgm,mSQqddHp5TPDJGYY7SmH,,
SGO,MOSES_MOODY_1_NBA,moses moody,NBA,NBA,rebounds_assists,5.5,-119,-110,draftkings,mSQqddHp5TPDJGYY7SmH,,
SGO,DERRICK_JONES_JR_1_NBA,derrick jones jr,NBA,NBA,rebounds_assists,4.5,-140,105,betmgm,mSQqddHp5TPDJGYY7SmH,,
SGO,ISAIAH_STEWART_1_NBA,isaiah stewart,NBA,NBA,points_rebounds,13.5,-112,-118,fanduel,dKR6d7qv3c6hMASeYQyJ,,
SGO,ISAIAH_STEWART_1_NBA,isaiah stewart,NBA,NBA,points,8.5,-114,-114,fanduel,dKR6d7qv3c6hMASeYQyJ,,
SGO,ISAIAH_STEWART_1_NBA,isaiah stewart,NBA,NBA,rebounds,4.5,-125,-106,fanduel,dKR6d7qv3c6hMASeYQyJ,,
SGO,AUSAR_THOMPSON_1_NBA,ausar thompson,NBA,NBA,points_rebounds,15.5,-106,-125,fanduel,dKR6d7qv3c6hMASeYQyJ,,
SGO,CADE_CUNNINGHAM_1_NBA,cade cunningham,NBA,NBA,points_rebounds,32.5,-106,-125,fanduel,dKR6d7qv3c6hMASeYQyJ,,
SGO,DUNCAN_ROBINSON_1_NBA,duncan robinson,NBA,NBA,points_rebounds,13.5,-118,-112,fanduel,dKR6d7qv3c6hMASeYQyJ,,
SGO,JALEN_DUREN_1_NBA,jalen duren,NBA,NBA,points_rebounds,29.5,-118,-112,fanduel,dKR6d7qv3c6hMASeYQyJ,,
SGO,TOBIAS_HARRIS_1_NBA,tobias harris,NBA,NBA,points_rebounds,18.5,-128,-104,fanduel,dKR6d7qv3c6hMASeYQyJ,,
SGO,AUSAR_THOMPSON_1_NBA,ausar thompson,NBA,NBA,points,9.5,-102,-130,fanduel,dKR6d7qv3c6hMASeYQyJ,,
SGO,CADE_CUNNINGHAM_1_NBA,cade cunningham,NBA,NBA,points,25.5,-125,-106,fanduel,dKR6d7qv3c6hMASeYQyJ,,
SGO,DUNCAN_ROBINSON_1_NBA,duncan robinson,NBA,NBA,points,11.5,-104,-128,fanduel,dKR6d7qv3c6hMASeYQyJ,,
SGO,JALEN_DUREN_1_NBA,jalen duren,NBA,NBA,points,18.5,-106,-125,fanduel,dKR6d7qv3c6hMASeYQyJ,,
SGO,TOBIAS_HARRIS_1_NBA,tobias harris,NBA,NBA,points,13.5,-112,-118,fanduel,dKR6d7qv3c6hMASeYQyJ,,
SGO,AUSAR_THOMPSON_1_NBA,ausar thompson,NBA,NBA,rebounds,5.5,-132,100,fanduel,dKR6d7qv3c6hMASeYQyJ,,
SGO,CADE_CUNNINGHAM_1_NBA,cade cunningham,NBA,NBA,rebounds,6.5,116,-154,fanduel,dKR6d7qv3c6hMASeYQyJ,,
SGO,DUNCAN_ROBINSON_1_NBA,duncan robinson,NBA,NBA,rebounds,2.5,122,-162,fanduel,dKR6d7qv3c6hMASeYQyJ,,
SGO,JALEN_DUREN_1_NBA,jalen duren,NBA,NBA,rebounds,11.5,100,-132,fanduel,dKR6d7qv3c6hMASeYQyJ,,
SGO,TOBIAS_HARRIS_1_NBA,tobias harris,NBA,NBA,rebounds,5.5,104,-138,fanduel,dKR6d7qv3c6hMASeYQyJ,,
SGO,AUSAR_THOMPSON_1_NBA,ausar thompson,NBA,NBA,assists,2.5,-140,106,fanduel,dKR6d7qv3c6hMASeYQyJ,,
SGO,CADE_CUNNINGHAM_1_NBA,cade cunningham,NBA,NBA,assists,9.5,-114,-114,fanduel,dKR6d7qv3c6hMASeYQyJ,,
SGO,DUNCAN_ROBINSON_1_NBA,duncan robinson,NBA,NBA,assists,1.5,-158,118,fanduel,dKR6d7qv3c6hMASeYQyJ,,
SGO,JALEN_DUREN_1_NBA,jalen duren,NBA,NBA,assists,1.5,-180,134,fanduel,dKR6d7qv3c6hMASeYQyJ,,
SGO,TOBIAS_HARRIS_1_NBA,tobias harris,NBA,NBA,assists,2.5,-102,-130,fanduel,dKR6d7qv3c6hMASeYQyJ,,
SGO,AUSAR_THOMPSON_1_NBA,ausar thompson,NBA,NBA,points_assists,12.5,-102,-130,fanduel,dKR6d7qv3c6hMASeYQyJ,,
SGO,CADE_CUNNINGHAM_1_NBA,cade cunningham,NBA,NBA,points_assists,35.5,-112,-118,fanduel,dKR6d7qv3c6hMASeYQyJ,,
SGO,DUNCAN_ROBINSON_1_NBA,duncan robinson,NBA,NBA,points_assists,13.5,-106,-125,fanduel,dKR6d7qv3c6hMASeYQyJ,,
SGO,JALEN_DUREN_1_NBA,jalen duren,NBA,NBA,points_assists,20.5,-110,-120,fanduel,dKR6d7qv3c6hMASeYQyJ,,
SGO,TOBIAS_HARRIS_1_NBA,tobias harris,NBA,NBA,points_assists,16.5,100,-132,fanduel,dKR6d7qv3c6hMASeYQyJ,,
SGO,RON_HOLLAND_1_NBA,ron holland,NBA,NBA,points_rebounds,10.5,-114,-114,fanduel,dKR6d7qv3c6hMASeYQyJ,,
SGO,RON_HOLLAND_1_NBA,ron holland,NBA,NBA,points,7.5,102,-136,fanduel,dKR6d7qv3c6hMASeYQyJ,,
SGO,AUSAR_THOMPSON_1_NBA,ausar thompson,NBA,NBA,rebounds_assists,8.5,-125,-106,fanduel,dKR6d7qv3c6hMASeYQyJ,,
SGO,CADE_CUNNINGHAM_1_NBA,cade cunningham,NBA,NBA,rebounds_assists,15.5,-120,-110,fanduel,dKR6d7qv3c6hMASeYQyJ,,
SGO,DUNCAN_ROBINSON_1_NBA,duncan robinson,NBA,NBA,rebounds_assists,4.5,118,-158,fanduel,dKR6d7qv3c6hMASeYQyJ,,
SGO,JALEN_DUREN_1_NBA,jalen duren,NBA,NBA,rebounds_assists,13.5,-104,-128,fanduel,dKR6d7qv3c6hMASeYQyJ,,
SGO,TOBIAS_HARRIS_1_NBA,tobias harris,NBA,NBA,rebounds_assists,7.5,-136,102,fanduel,dKR6d7qv3c6hMASeYQyJ,,
SGO,RON_HOLLAND_1_NBA,ron holland,NBA,NBA,rebounds,3.5,100,-132,fanduel,dKR6d7qv3c6hMASeYQyJ,,
SGO,CADE_CUNNINGHAM_1_NBA,cade cunningham,NBA,NBA,threes,1.5,-192,142,fanduel,dKR6d7qv3c6hMASeYQyJ,,
SGO,DUNCAN_ROBINSON_1_NBA,duncan robinson,NBA,NBA,threes,2.5,-130,-102,fanduel,dKR6d7qv3c6hMASeYQyJ,,
SGO,EVAN_MOBLEY_1_NBA,evan mobley,NBA,NBA,assists,2.5,-162,122,fanduel,dKR6d7qv3c6hMASeYQyJ,,
SGO,JAMES_HARDEN_1_NBA,james harden,NBA,NBA,assists,7.5,102,-136,fanduel,dKR6d7qv3c6hMASeYQyJ,,
SGO,JARRETT_ALLEN_1_NBA,jarrett allen,NBA,NBA,assists,1.5,-178,132,fanduel,dKR6d7qv3c6hMASeYQyJ,,
SGO,JAYLON_TYSON_1_NBA,jaylon tyson,NBA,NBA,assists,2.5,140,-188,fanduel,dKR6d7qv3c6hMASeYQyJ,,
SGO,EVAN_MOBLEY_1_NBA,evan mobley,NBA,NBA,points_assists,18.5,-114,-114,fanduel,dKR6d7qv3c6hMASeYQyJ,,
SGO,JAMES_HARDEN_1_NBA,james harden,NBA,NBA,points_assists,28.5,-114,-114,fanduel,dKR6d7qv3c6hMASeYQyJ,,
SGO,JARRETT_ALLEN_1_NBA,jarrett allen,NBA,NBA,points_assists,18.5,-125,-106,fanduel,dKR6d7qv3c6hMASeYQyJ,,
SGO,JAYLON_TYSON_1_NBA,jaylon tyson,NBA,NBA,points_assists,15.5,-125,-106,fanduel,dKR6d7qv3c6hMASeYQyJ,,
SGO,EVAN_MOBLEY_1_NBA,evan mobley,NBA,NBA,points_rebounds,22.5,-125,-106,fanduel,dKR6d7qv3c6hMASeYQyJ,,
SGO,JAMES_HARDEN_1_NBA,james harden,NBA,NBA,points_rebounds,25.5,-112,-118,fanduel,dKR6d7qv3c6hMASeYQyJ,,
SGO,JARRETT_ALLEN_1_NBA,jarrett allen,NBA,NBA,points_rebounds,25.5,-120,-110,fanduel,dKR6d7qv3c6hMASeYQyJ,,
SGO,JAYLON_TYSON_1_NBA,jaylon tyson,NBA,NBA,points_rebounds,18.5,-114,-114,fanduel,dKR6d7qv3c6hMASeYQyJ,,
SGO,EVAN_MOBLEY_1_NBA,evan mobley,NBA,NBA,points,15.5,-112,-118,fanduel,dKR6d7qv3c6hMASeYQyJ,,
SGO,JAMES_HARDEN_1_NBA,james harden,NBA,NBA,points,20.5,-128,-104,fanduel,dKR6d7qv3c6hMASeYQyJ,,
SGO,JARRETT_ALLEN_1_NBA,jarrett allen,NBA,NBA,points,16.5,-122,-108,fanduel,dKR6d7qv3c6hMASeYQyJ,,
SGO,JAYLON_TYSON_1_NBA,jaylon tyson,NBA,NBA,points,13.5,-114,-114,fanduel,dKR6d7qv3c6hMASeYQyJ,,
SGO,EVAN_MOBLEY_1_NBA,evan mobley,NBA,NBA,rebounds_assists,10.5,-102,-130,fanduel,dKR6d7qv3c6hMASeYQyJ,,
SGO,JAMES_HARDEN_1_NBA,james harden,NBA,NBA,rebounds_assists,11.5,-122,-108,fanduel,dKR6d7qv3c6hMASeYQyJ,,
SGO,JARRETT_ALLEN_1_NBA,jarrett allen,NBA,NBA,rebounds_assists,10.5,-136,102,fanduel,dKR6d7qv3c6hMASeYQyJ,,
SGO,JAYLON_TYSON_1_NBA,jaylon tyson,NBA,NBA,rebounds_assists,7.5,110,-146,fanduel,dKR6d7qv3c6hMASeYQyJ,,
SGO,EVAN_MOBLEY_1_NBA,evan mobley,NBA,NBA,rebounds,7.5,106,-140,fanduel,dKR6d7qv3c6hMASeYQyJ,,
SGO,JAMES_HARDEN_1_NBA,james harden,NBA,NBA,rebounds,4.5,108,-144,fanduel,dKR6d7qv3c6hMASeYQyJ,,
SGO,JARRETT_ALLEN_1_NBA,jarrett allen,NBA,NBA,rebounds,9.5,114,-152,fanduel,dKR6d7qv3c6hMASeYQyJ,,
SGO,JAYLON_TYSON_1_NBA,jaylon tyson,NBA,NBA,rebounds,4.5,-154,116,fanduel,dKR6d7qv3c6hMASeYQyJ,,
SGO,EVAN_MOBLEY_1_NBA,evan mobley,NBA,NBA,threes,0.5,-210,154,fanduel,dKR6d7qv3c6hMASeYQyJ,,
SGO,JAMES_HARDEN_1_NBA,james harden,NBA,NBA,threes,2.5,108,-144,fanduel,dKR6d7qv3c6hMASeYQyJ,,
SGO,JAYLON_TYSON_1_NBA,jaylon tyson,NBA,NBA,threes,1.5,-166,124,fanduel,dKR6d7qv3c6hMASeYQyJ,,
SGO,DEAN_WADE_1_NBA,dean wade,NBA,NBA,points_rebounds,8.5,-104,-128,fanduel,dKR6d7qv3c6hMASeYQyJ,,
SGO,DEAN_WADE_1_NBA,dean wade,NBA,NBA,points,5.5,102,-136,fanduel,dKR6d7qv3c6hMASeYQyJ,,
SGO,DEAN_WADE_1_NBA,dean wade,NBA,NBA,rebounds,3.5,142,-192,fanduel,dKR6d7qv3c6hMASeYQyJ,,
SGO,DENNIS_SCHRODER_1_NBA,dennis schroder,NBA,NBA,assists,4.5,132,-178,fanduel,dKR6d7qv3c6hMASeYQyJ,,
SGO,SAM_MERRILL_1_NBA,sam merrill,NBA,NBA,assists,2.5,148,-200,fanduel,dKR6d7qv3c6hMASeYQyJ,,
SGO,DENNIS_SCHRODER_1_NBA,dennis schroder,NBA,NBA,points_assists,14.5,-110,-120,fanduel,dKR6d7qv3c6hMASeYQyJ,,
SGO,SAM_MERRILL_1_NBA,sam merrill,NBA,NBA,points_assists,15.5,-114,-114,fanduel,dKR6d7qv3c6hMASeYQyJ,,
SGO,DENNIS_SCHRODER_1_NBA,dennis schroder,NBA,NBA,points_rebounds,12.5,-118,-112,fanduel,dKR6d7qv3c6hMASeYQyJ,,
SGO,SAM_MERRILL_1_NBA,sam merrill,NBA,NBA,points_rebounds,15.5,-118,-112,fanduel,dKR6d7qv3c6hMASeYQyJ,,
SGO,DENNIS_SCHRODER_1_NBA,dennis schroder,NBA,NBA,points,10.5,100,-132,fanduel,dKR6d7qv3c6hMASeYQyJ,,
SGO,SAM_MERRILL_1_NBA,sam merrill,NBA,NBA,points,13.5,-106,-125,fanduel,dKR6d7qv3c6hMASeYQyJ,,
SGO,DENNIS_SCHRODER_1_NBA,dennis schroder,NBA,NBA,rebounds_assists,6.5,-104,-128,fanduel,dKR6d7qv3c6hMASeYQyJ,,
SGO,SAM_MERRILL_1_NBA,sam merrill,NBA,NBA,rebounds_assists,4.5,-115,-130,fanduel,dKR6d7qv3c6hMASeYQyJ,,
SGO,DENNIS_SCHRODER_1_NBA,dennis schroder,NBA,NBA,rebounds,2.5,116,-154,fanduel,dKR6d7qv3c6hMASeYQyJ,,
SGO,SAM_MERRILL_1_NBA,sam merrill,NBA,NBA,rebounds,2.5,124,-166,fanduel,dKR6d7qv3c6hMASeYQyJ,,
SGO,SAM_MERRILL_1_NBA,sam merrill,NBA,NBA,threes,3.5,142,-192,fanduel,dKR6d7qv3c6hMASeYQyJ,,
SGO,BRANDON_INGRAM_1_NBA,brandon ingram,NBA,NBA,rebounds_assists,9.5,112,-148,fanduel,bnJaKjkIGM0u6FZmEjNi,,
SGO,BRANDON_INGRAM_1_NBA,brandon ingram,NBA,NBA,rebounds,5.5,110,-146,fanduel,bnJaKjkIGM0u6FZmEjNi,,
SGO,BRANDON_INGRAM_1_NBA,brandon ingram,NBA,NBA,assists,3.5,-130,-102,fanduel,bnJaKjkIGM0u6FZmEjNi,,
SGO,IMMANUEL_QUICKLEY_1_NBA,immanuel quickley,NBA,NBA,assists,5.5,118,-158,fanduel,bnJaKjkIGM0u6FZmEjNi,,
SGO,IMMANUEL_QUICKLEY_1_NBA,immanuel quickley,NBA,NBA,rebounds_assists,9.5,114,-152,fanduel,bnJaKjkIGM0u6FZmEjNi,,
SGO,IMMANUEL_QUICKLEY_1_NBA,immanuel quickley,NBA,NBA,rebounds,3.5,-146,110,fanduel,bnJaKjkIGM0u6FZmEjNi,,
SGO,IMMANUEL_QUICKLEY_1_NBA,immanuel quickley,NBA,NBA,points_assists,22.5,-108,-122,fanduel,bnJaKjkIGM0u6FZmEjNi,,
SGO,IMMANUEL_QUICKLEY_1_NBA,immanuel quickley,NBA,NBA,points_rebounds,20.5,-122,-108,fanduel,bnJaKjkIGM0u6FZmEjNi,,
SGO,IMMANUEL_QUICKLEY_1_NBA,immanuel quickley,NBA,NBA,points,17.5,102,-136,fanduel,bnJaKjkIGM0u6FZmEjNi,,
SGO,IMMANUEL_QUICKLEY_1_NBA,immanuel quickley,NBA,NBA,threes,2.5,-138,104,fanduel,bnJaKjkIGM0u6FZmEjNi,,
SGO,JALEN_BRUNSON_1_NBA,jalen brunson,NBA,NBA,assists,5.5,-110,-120,fanduel,bnJaKjkIGM0u6FZmEjNi,,
SGO,JOSH_HART_1_NBA,josh hart,NBA,NBA,assists,5.5,124,-166,fanduel,bnJaKjkIGM0u6FZmEjNi,,
SGO,BRANDON_INGRAM_1_NBA,brandon ingram,NBA,NBA,points_rebounds,26.5,-106,-125,fanduel,bnJaKjkIGM0u6FZmEjNi,,
SGO,JALEN_BRUNSON_1_NBA,jalen brunson,NBA,NBA,points_rebounds,28.5,-108,-122,fanduel,bnJaKjkIGM0u6FZmEjNi,,
SGO,JOSH_HART_1_NBA,josh hart,NBA,NBA,points_rebounds,18.5,-128,-104,fanduel,bnJaKjkIGM0u6FZmEjNi,,
SGO,BRANDON_INGRAM_1_NBA,brandon ingram,NBA,NBA,points,20.5,-120,-110,fanduel,bnJaKjkIGM0u6FZmEjNi,,
SGO,JALEN_BRUNSON_1_NBA,jalen brunson,NBA,NBA,points,25.5,-104,-128,fanduel,bnJaKjkIGM0u6FZmEjNi,,
SGO,JOSH_HART_1_NBA,josh hart,NBA,NBA,points,11.5,-108,-122,fanduel,bnJaKjkIGM0u6FZmEjNi,,
SGO,JALEN_BRUNSON_1_NBA,jalen brunson,NBA,NBA,rebounds_assists,8.5,-118,-112,fanduel,bnJaKjkIGM0u6FZmEjNi,,
SGO,JOSH_HART_1_NBA,josh hart,NBA,NBA,rebounds_assists,12.5,-114,-114,fanduel,bnJaKjkIGM0u6FZmEjNi,,
SGO,JALEN_BRUNSON_1_NBA,jalen brunson,NBA,NBA,rebounds,3.5,142,-192,fanduel,bnJaKjkIGM0u6FZmEjNi,,
SGO,JOSH_HART_1_NBA,josh hart,NBA,NBA,rebounds,7.5,102,-136,fanduel,bnJaKjkIGM0u6FZmEjNi,,
SGO,JALEN_BRUNSON_1_NBA,jalen brunson,NBA,NBA,threes,2.5,-128,-104,fanduel,bnJaKjkIGM0u6FZmEjNi,,
SGO,JOSH_HART_1_NBA,josh hart,NBA,NBA,threes,1.5,104,-138,fanduel,bnJaKjkIGM0u6FZmEjNi,,
SGO,BRANDON_INGRAM_1_NBA,brandon ingram,NBA,NBA,points_assists,24.5,-114,-114,fanduel,bnJaKjkIGM0u6FZmEjNi,,
SGO,JALEN_BRUNSON_1_NBA,jalen brunson,NBA,NBA,points_assists,30.5,-125,-106,fanduel,bnJaKjkIGM0u6FZmEjNi,,
SGO,JOSH_HART_1_NBA,josh hart,NBA,NBA,points_assists,16.5,-118,-112,fanduel,bnJaKjkIGM0u6FZmEjNi,,
SGO,RJ_BARRETT_1_NBA,rj barrett,NBA,NBA,assists,3.5,106,-140,fanduel,bnJaKjkIGM0u6FZmEjNi,,
SGO,KARLANTHONY_TOWNS_1_NBA,karlanthony towns,NBA,NBA,assists,2.5,-114,-114,fanduel,bnJaKjkIGM0u6FZmEjNi,,
SGO,SCOTTIE_BARNES_1_NBA,scottie barnes,NBA,NBA,assists,5.5,122,-162,fanduel,bnJaKjkIGM0u6FZmEjNi,,
SGO,KARLANTHONY_TOWNS_1_NBA,karlanthony towns,NBA,NBA,points_rebounds,30.5,-106,-125,fanduel,bnJaKjkIGM0u6FZmEjNi,,
SGO,RJ_BARRETT_1_NBA,rj barrett,NBA,NBA,points_rebounds,22.5,-130,-102,fanduel,bnJaKjkIGM0u6FZmEjNi,,
SGO,SCOTTIE_BARNES_1_NBA,scottie barnes,NBA,NBA,points_rebounds,23.5,-120,-110,fanduel,bnJaKjkIGM0u6FZmEjNi,,
SGO,KARLANTHONY_TOWNS_1_NBA,karlanthony towns,NBA,NBA,points,18.5,-108,-122,fanduel,bnJaKjkIGM0u6FZmEjNi,,
SGO,RJ_BARRETT_1_NBA,rj barrett,NBA,NBA,points,17.5,-106,-125,fanduel,bnJaKjkIGM0u6FZmEjNi,,
SGO,SCOTTIE_BARNES_1_NBA,scottie barnes,NBA,NBA,points,16.5,-104,-128,fanduel,bnJaKjkIGM0u6FZmEjNi,,
SGO,KARLANTHONY_TOWNS_1_NBA,karlanthony towns,NBA,NBA,rebounds_assists,14.5,-110,-120,fanduel,bnJaKjkIGM0u6FZmEjNi,,
SGO,RJ_BARRETT_1_NBA,rj barrett,NBA,NBA,rebounds_assists,9.5,108,-144,fanduel,bnJaKjkIGM0u6FZmEjNi,,
SGO,SCOTTIE_BARNES_1_NBA,scottie barnes,NBA,NBA,rebounds_assists,12.5,-118,-112,fanduel,bnJaKjkIGM0u6FZmEjNi,,
SGO,KARLANTHONY_TOWNS_1_NBA,karlanthony towns,NBA,NBA,rebounds,11.5,-125,-106,fanduel,bnJaKjkIGM0u6FZmEjNi,,
SGO,RJ_BARRETT_1_NBA,rj barrett,NBA,NBA,rebounds,5.5,-125,-106,fanduel,bnJaKjkIGM0u6FZmEjNi,,
SGO,SCOTTIE_BARNES_1_NBA,scottie barnes,NBA,NBA,rebounds,7.5,-102,-128,fanduel,bnJaKjkIGM0u6FZmEjNi,,
SGO,BRANDON_INGRAM_1_NBA,brandon ingram,NBA,NBA,threes,1.5,102,-136,fanduel,bnJaKjkIGM0u6FZmEjNi,,
SGO,KARLANTHONY_TOWNS_1_NBA,karlanthony towns,NBA,NBA,threes,1.5,132,-178,fanduel,bnJaKjkIGM0u6FZmEjNi,,
SGO,RJ_BARRETT_1_NBA,rj barrett,NBA,NBA,threes,1.5,100,-132,fanduel,bnJaKjkIGM0u6FZmEjNi,,
SGO,KARLANTHONY_TOWNS_1_NBA,karlanthony towns,NBA,NBA,points_assists,21.5,-104,-128,fanduel,bnJaKjkIGM0u6FZmEjNi,,
SGO,RJ_BARRETT_1_NBA,rj barrett,NBA,NBA,points_assists,20.5,-122,-108,fanduel,bnJaKjkIGM0u6FZmEjNi,,
SGO,SCOTTIE_BARNES_1_NBA,scottie barnes,NBA,NBA,points_assists,21.5,-112,-118,fanduel,bnJaKjkIGM0u6FZmEjNi,,
SGO,JAKOB_POELTL_1_NBA,jakob poeltl,NBA,NBA,points_rebounds,17.5,-104,-128,fanduel,bnJaKjkIGM0u6FZmEjNi,,
SGO,JAKOB_POELTL_1_NBA,jakob poeltl,NBA,NBA,points,9.5,-118,-112,fanduel,bnJaKjkIGM0u6FZmEjNi,,
SGO,JAKOB_POELTL_1_NBA,jakob poeltl,NBA,NBA,rebounds,7.5,106,-140,fanduel,bnJaKjkIGM0u6FZmEjNi,,
SGO,MIKAL_BRIDGES_1_NBA,mikal bridges,NBA,NBA,assists,3.5,-118,-114,fanduel,bnJaKjkIGM0u6FZmEjNi,,
SGO,OG_ANUNOBY_1_NBA,og anunoby,NBA,NBA,assists,2.5,142,-192,fanduel,bnJaKjkIGM0u6FZmEjNi,,
SGO,OG_ANUNOBY_1_NBA,og anunoby,NBA,NBA,points_assists,17.5,-112,-118,fanduel,bnJaKjkIGM0u6FZmEjNi,,
SGO,MIKAL_BRIDGES_1_NBA,mikal bridges,NBA,NBA,points_rebounds,16.5,-128,-104,fanduel,bnJaKjkIGM0u6FZmEjNi,,
SGO,OG_ANUNOBY_1_NBA,og anunoby,NBA,NBA,points_rebounds,19.5,-130,-102,fanduel,bnJaKjkIGM0u6FZmEjNi,,
SGO,MIKAL_BRIDGES_1_NBA,mikal bridges,NBA,NBA,points,13.5,-112,-118,fanduel,bnJaKjkIGM0u6FZmEjNi,,
SGO,OG_ANUNOBY_1_NBA,og anunoby,NBA,NBA,points,14.5,-132,100,fanduel,bnJaKjkIGM0u6FZmEjNi,,
SGO,MIKAL_BRIDGES_1_NBA,mikal bridges,NBA,NBA,rebounds_assists,7.5,-105,-125,espnbet,bnJaKjkIGM0u6FZmEjNi,,
SGO,OG_ANUNOBY_1_NBA,og anunoby,NBA,NBA,rebounds_assists,6.5,-144,108,fanduel,bnJaKjkIGM0u6FZmEjNi,,
SGO,MIKAL_BRIDGES_1_NBA,mikal bridges,NBA,NBA,rebounds,3.5,104,-138,fanduel,bnJaKjkIGM0u6FZmEjNi,,
SGO,OG_ANUNOBY_1_NBA,og anunoby,NBA,NBA,rebounds,4.5,-130,-102,fanduel,bnJaKjkIGM0u6FZmEjNi,,
SGO,MIKAL_BRIDGES_1_NBA,mikal bridges,NBA,NBA,threes,1.5,-138,104,fanduel,bnJaKjkIGM0u6FZmEjNi,,
SGO,OG_ANUNOBY_1_NBA,og anunoby,NBA,NBA,threes,1.5,-205,152,fanduel,bnJaKjkIGM0u6FZmEjNi,,
SGO,MIKAL_BRIDGES_1_NBA,mikal bridges,NBA,NBA,points_assists,17.5,-102,-130,fanduel,bnJaKjkIGM0u6FZmEjNi,,
SGO,DEAARON_FOX_1_NBA,deaaron fox,NBA,NBA,assists,5.5,-136,102,fanduel,S1pikwWJ3hOH7ZY1Sf3n,,
SGO,STEPHON_CASTLE_1_NBA,stephon castle,NBA,NBA,assists,6.5,-108,-122,fanduel,S1pikwWJ3hOH7ZY1Sf3n,,
SGO,TYRESE_MAXEY_1_NBA,tyrese maxey,NBA,NBA,assists,6.5,-144,108,fanduel,S1pikwWJ3hOH7ZY1Sf3n,,
SGO,VICTOR_WEMBANYAMA_1_NBA,victor wembanyama,NBA,NBA,assists,2.5,-182,136,fanduel,S1pikwWJ3hOH7ZY1Sf3n,,
SGO,VJ_EDGECOMBE_1_NBA,vj edgecombe,NBA,NBA,assists,3.5,-114,-114,fanduel,S1pikwWJ3hOH7ZY1Sf3n,,
SGO,DEAARON_FOX_1_NBA,deaaron fox,NBA,NBA,points_assists,21.5,-102,-130,fanduel,S1pikwWJ3hOH7ZY1Sf3n,,
SGO,STEPHON_CASTLE_1_NBA,stephon castle,NBA,NBA,points_assists,22.5,-106,-125,fanduel,S1pikwWJ3hOH7ZY1Sf3n,,
SGO,TYRESE_MAXEY_1_NBA,tyrese maxey,NBA,NBA,points_assists,36.5,-114,-114,fanduel,S1pikwWJ3hOH7ZY1Sf3n,,
SGO,VICTOR_WEMBANYAMA_1_NBA,victor wembanyama,NBA,NBA,points_assists,27.5,-112,-118,fanduel,S1pikwWJ3hOH7ZY1Sf3n,,
SGO,VJ_EDGECOMBE_1_NBA,vj edgecombe,NBA,NBA,points_assists,20.5,-106,-125,fanduel,S1pikwWJ3hOH7ZY1Sf3n,,
SGO,ANDRE_DRUMMOND_1_NBA,andre drummond,NBA,NBA,points_rebounds,16.5,-106,-125,fanduel,S1pikwWJ3hOH7ZY1Sf3n,,
SGO,DEAARON_FOX_1_NBA,deaaron fox,NBA,NBA,points_rebounds,18.5,-112,-118,fanduel,S1pikwWJ3hOH7ZY1Sf3n,,
SGO,DEVIN_VASSELL_1_NBA,devin vassell,NBA,NBA,points_rebounds,16.5,-120,-110,fanduel,S1pikwWJ3hOH7ZY1Sf3n,,
SGO,DOMINICK_BARLOW_1_NBA,dominick barlow,NBA,NBA,points_rebounds,14.5,-104,-128,fanduel,S1pikwWJ3hOH7ZY1Sf3n,,
SGO,JULIAN_CHAMPAGNIE_1_NBA,julian champagnie,NBA,NBA,points_rebounds,15.5,-106,-125,fanduel,S1pikwWJ3hOH7ZY1Sf3n,,
SGO,KELLY_OUBRE_JR_1_NBA,kelly oubre jr,NBA,NBA,points_rebounds,20.5,-108,-122,fanduel,S1pikwWJ3hOH7ZY1Sf3n,,
SGO,STEPHON_CASTLE_1_NBA,stephon castle,NBA,NBA,points_rebounds,20.5,-108,-122,fanduel,S1pikwWJ3hOH7ZY1Sf3n,,
SGO,TYRESE_MAXEY_1_NBA,tyrese maxey,NBA,NBA,points_rebounds,32.5,-120,-110,fanduel,S1pikwWJ3hOH7ZY1Sf3n,,
SGO,VICTOR_WEMBANYAMA_1_NBA,victor wembanyama,NBA,NBA,points_rebounds,35.5,-120,-110,fanduel,S1pikwWJ3hOH7ZY1Sf3n,,
SGO,VJ_EDGECOMBE_1_NBA,vj edgecombe,NBA,NBA,points_rebounds,21.5,-122,-108,fanduel,S1pikwWJ3hOH7ZY1Sf3n,,
SGO,ANDRE_DRUMMOND_1_NBA,andre drummond,NBA,NBA,points,6.5,-130,-102,fanduel,S1pikwWJ3hOH7ZY1Sf3n,,
SGO,DEAARON_FOX_1_NBA,deaaron fox,NBA,NBA,points,14.5,-136,102,fanduel,S1pikwWJ3hOH7ZY1Sf3n,,
SGO,DEVIN_VASSELL_1_NBA,devin vassell,NBA,NBA,points,13.5,-102,-130,fanduel,S1pikwWJ3hOH7ZY1Sf3n,,
SGO,DOMINICK_BARLOW_1_NBA,dominick barlow,NBA,NBA,points,9.5,-106,-125,fanduel,S1pikwWJ3hOH7ZY1Sf3n,,
SGO,JULIAN_CHAMPAGNIE_1_NBA,julian champagnie,NBA,NBA,points,9.5,-136,102,fanduel,S1pikwWJ3hOH7ZY1Sf3n,,
SGO,KELLY_OUBRE_JR_1_NBA,kelly oubre jr,NBA,NBA,points,15.5,-118,-112,fanduel,S1pikwWJ3hOH7ZY1Sf3n,,
SGO,STEPHON_CASTLE_1_NBA,stephon castle,NBA,NBA,points,15.5,-112,-118,fanduel,S1pikwWJ3hOH7ZY1Sf3n,,
SGO,TYRESE_MAXEY_1_NBA,tyrese maxey,NBA,NBA,points,29.5,-108,-122,fanduel,S1pikwWJ3hOH7ZY1Sf3n,,
SGO,VICTOR_WEMBANYAMA_1_NBA,victor wembanyama,NBA,NBA,points,23.5,-132,100,fanduel,S1pikwWJ3hOH7ZY1Sf3n,,
SGO,VJ_EDGECOMBE_1_NBA,vj edgecombe,NBA,NBA,points,16.5,-110,-120,fanduel,S1pikwWJ3hOH7ZY1Sf3n,,
SGO,DEAARON_FOX_1_NBA,deaaron fox,NBA,NBA,rebounds_assists,9.5,110,-146,fanduel,S1pikwWJ3hOH7ZY1Sf3n,,
SGO,STEPHON_CASTLE_1_NBA,stephon castle,NBA,NBA,rebounds_assists,11.5,106,-140,fanduel,S1pikwWJ3hOH7ZY1Sf3n,,
SGO,TYRESE_MAXEY_1_NBA,tyrese maxey,NBA,NBA,rebounds_assists,10.5,-114,-114,fanduel,S1pikwWJ3hOH7ZY1Sf3n,,
SGO,VICTOR_WEMBANYAMA_1_NBA,victor wembanyama,NBA,NBA,rebounds_assists,14.5,-114,-114,fanduel,S1pikwWJ3hOH7ZY1Sf3n,,
SGO,VJ_EDGECOMBE_1_NBA,vj edgecombe,NBA,NBA,rebounds_assists,8.5,-138,104,fanduel,S1pikwWJ3hOH7ZY1Sf3n,,
SGO,ANDRE_DRUMMOND_1_NBA,andre drummond,NBA,NBA,rebounds,9.5,-102,-130,fanduel,S1pikwWJ3hOH7ZY1Sf3n,,
SGO,DEAARON_FOX_1_NBA,deaaron fox,NBA,NBA,rebounds,3.5,120,-160,fanduel,S1pikwWJ3hOH7ZY1Sf3n,,
SGO,DEVIN_VASSELL_1_NBA,devin vassell,NBA,NBA,rebounds,3.5,100,-132,fanduel,S1pikwWJ3hOH7ZY1Sf3n,,
SGO,DOMINICK_BARLOW_1_NBA,dominick barlow,NBA,NBA,rebounds,4.5,-125,-106,fanduel,S1pikwWJ3hOH7ZY1Sf3n,,
SGO,JULIAN_CHAMPAGNIE_1_NBA,julian champagnie,NBA,NBA,rebounds,4.5,-166,124,fanduel,S1pikwWJ3hOH7ZY1Sf3n,,
SGO,KELLY_OUBRE_JR_1_NBA,kelly oubre jr,NBA,NBA,rebounds,4.5,-106,-125,fanduel,S1pikwWJ3hOH7ZY1Sf3n,,
SGO,STEPHON_CASTLE_1_NBA,stephon castle,NBA,NBA,rebounds,4.5,-114,-114,fanduel,S1pikwWJ3hOH7ZY1Sf3n,,
SGO,TYRESE_MAXEY_1_NBA,tyrese maxey,NBA,NBA,rebounds,3.5,-110,-120,fanduel,S1pikwWJ3hOH7ZY1Sf3n,,
SGO,VICTOR_WEMBANYAMA_1_NBA,victor wembanyama,NBA,NBA,rebounds,11.5,-102,-130,fanduel,S1pikwWJ3hOH7ZY1Sf3n,,
SGO,VJ_EDGECOMBE_1_NBA,vj edgecombe,NBA,NBA,rebounds,5.5,114,-152,fanduel,S1pikwWJ3hOH7ZY1Sf3n,,
SGO,DEAARON_FOX_1_NBA,deaaron fox,NBA,NBA,threes,1.5,108,-144,fanduel,S1pikwWJ3hOH7ZY1Sf3n,,
SGO,DEVIN_VASSELL_1_NBA,devin vassell,NBA,NBA,threes,2.5,130,-174,fanduel,S1pikwWJ3hOH7ZY1Sf3n,,
SGO,JULIAN_CHAMPAGNIE_1_NBA,julian champagnie,NBA,NBA,threes,2.5,116,-154,fanduel,S1pikwWJ3hOH7ZY1Sf3n,,
SGO,KELLY_OUBRE_JR_1_NBA,kelly oubre jr,NBA,NBA,threes,1.5,-182,136,fanduel,S1pikwWJ3hOH7ZY1Sf3n,,
SGO,TYRESE_MAXEY_1_NBA,tyrese maxey,NBA,NBA,threes,2.5,-188,140,fanduel,S1pikwWJ3hOH7ZY1Sf3n,,
SGO,VICTOR_WEMBANYAMA_1_NBA,victor wembanyama,NBA,NBA,threes,1.5,-138,104,fanduel,S1pikwWJ3hOH7ZY1Sf3n,,
SGO,VJ_EDGECOMBE_1_NBA,vj edgecombe,NBA,NBA,threes,1.5,-180,134,fanduel,S1pikwWJ3hOH7ZY1Sf3n,,