source,player,player_lower,sport,league,stat,line,projectionId,gameId,team,opponent,isNonStandardOdds
Underdog,Josh Giddey,josh giddey,NBA,NBA,points,19.5,6c4e5527-cf77-4c27-bdf4-a03e47945dde,131440,CHI,MEM,1
Underdog,Josh Giddey,josh giddey,NBA,NBA,points,40.5,1134f40d-93c8-4a37-a839-4d568c5f0e5d,131440,CHI,MEM,1
Underdog,Josh Giddey,josh giddey,NBA,NBA,rebounds,9.5,f9bfc2e5-7698-4bc1-b4b8-5f471430e2ba,131440,CHI,MEM,0
Underdog,Josh Giddey,josh giddey,NBA,NBA,assists,10.5,4bc6a2b8-1ce8-4ddf-8fb5-df91f0079201,131440,CHI,MEM,1
Underdog,Josh Giddey,josh giddey,NBA,NBA,points,2.5,1a55ae87-ef1c-4241-9b35-4f1b1dbfee21,131440,CHI,MEM,1
Underdog,Josh Giddey,josh giddey,NBA,NBA,points,20.5,43c53589-67e0-4064-abf7-a6731e0a1b00,131440,CHI,MEM,1
Underdog,Josh Giddey,josh giddey,NBA,NBA,points,29.5,ecadde3d-551b-4580-99f0-0ab9749b311e,131440,CHI,MEM,1
Underdog,Josh Giddey,josh giddey,NBA,NBA,points,30.5,4118b34b-89a9-44b3-a1b1-0c0cf0fc80b6,131440,CHI,MEM,0
Underdog,Josh Giddey,josh giddey,NBA,NBA,points,0.5,fd9058c0-5ce2-4dda-9133-efcfbb4b587d,131440,CHI,MEM,1
Underdog,Josh Giddey,josh giddey,NBA,NBA,points,0.5,72aba5ee-3daf-4736-a1c9-5ef2471c0abf,131440,CHI,MEM,0
Underdog,Josh Giddey,josh giddey,NBA,NBA,points,4.5,25a82980-26b6-4c1b-9557-27f2117dd7cc,131440,CHI,MEM,1
Underdog,Josh Giddey,josh giddey,NBA,NBA,points,2.5,eb50d370-64c6-4319-9e51-0d201fc68ba5,131440,CHI,MEM,1
Underdog,Josh Giddey,josh giddey,NBA,NBA,points,2.5,361eefe8-adaa-423e-8745-2553d74b8a48,131440,CHI,MEM,1
Underdog,Josh Giddey,josh giddey,NBA,NBA,turnovers,3.5,0cce7381-8f09-4e62-8e93-03ebbed11db4,131440,CHI,MEM,1
Underdog,Josh Giddey,josh giddey,NBA,NBA,steals,1.5,62a5e6c6-9af9-4691-abe6-263e4c69db0c,131440,CHI,MEM,1
Underdog,Josh Giddey,josh giddey,NBA,NBA,points,2.5,7f79a149-95d9-40ce-b40a-11862abfba75,131440,CHI,MEM,1
Underdog,Josh Giddey,josh giddey,NBA,NBA,points,7.5,08564e94-fd55-46c1-ba5b-3299a509ab1b,131440,CHI,MEM,1
Underdog,Josh Giddey,josh giddey,NBA,NBA,points,15.5,e39d4233-2446-47b4-ad5d-1194eeda81bc,131440,CHI,MEM,1
Underdog,Matas Buzelis,matas buzelis,NBA,NBA,points,20.5,a6312b4f-2275-40e1-9e64-960e1703d66f,131440,CHI,MEM,0
Underdog,Matas Buzelis,matas buzelis,NBA,NBA,points,29.5,cb87cf0a-5726-43ec-a48a-93c7c3a24ab0,131440,CHI,MEM,1
Underdog,Matas Buzelis,matas buzelis,NBA,NBA,rebounds,7.5,42b84a63-9f7c-4d69-bb83-f14208e9e33a,131440,CHI,MEM,1
Underdog,Matas Buzelis,matas buzelis,NBA,NBA,points,2.5,eaf3d4af-293d-4f2f-a2c5-3579a386c659,131440,CHI,MEM,1
Underdog,Matas Buzelis,matas buzelis,NBA,NBA,points,8.5,d2cc870e-a89c-48e7-a657-41c8c7e5a11b,131440,CHI,MEM,1
Underdog,Matas Buzelis,matas buzelis,NBA,NBA,points,27.5,604b4a37-0c44-4b41-9e13-a9c7de514596,131440,CHI,MEM,1
Underdog,Matas Buzelis,matas buzelis,NBA,NBA,points,0.5,bd6d26df-c3ec-458e-a9d7-77a76b98f827,131440,CHI,MEM,1
Underdog,Matas Buzelis,matas buzelis,NBA,NBA,points,4.5,e4c74f8f-4377-4388-a6dd-eea679caecc4,131440,CHI,MEM,1
Underdog,Matas Buzelis,matas buzelis,NBA,NBA,points,1.5,950b03ac-2712-42a9-b2d0-1a8c8429e99e,131440,CHI,MEM,1
Underdog,Matas Buzelis,matas buzelis,NBA,NBA,turnovers,2.5,72118200-6821-472d-9283-b14c268223ce,131440,CHI,MEM,1
Underdog,Matas Buzelis,matas buzelis,NBA,NBA,blocks,1.5,c70e8494-a0cb-4583-806f-a6992adf15cf,131440,CHI,MEM,1
Underdog,Matas Buzelis,matas buzelis,NBA,NBA,points,2.5,a6f1573d-e2aa-434f-a1f9-ccb9f0890733,131440,CHI,MEM,1
Underdog,Matas Buzelis,matas buzelis,NBA,NBA,points,16.5,81f34b3d-6346-415c-bfb2-f0a18506b7bb,131440,CHI,MEM,1
Underdog,Matas Buzelis,matas buzelis,NBA,NBA,points,9.5,f08061aa-5b25-4ab1-8763-12a867274476,131440,CHI,MEM,1
Underdog,Patrick Williams,patrick williams,NBA,NBA,points,8.5,a9acb072-6d3d-4d5a-b02a-cb785a2821f0,131440,CHI,MEM,0
Underdog,Patrick Williams,patrick williams,NBA,NBA,points,13.5,2a00ecae-0689-4250-98e8-3a37b5c5087e,131440,CHI,MEM,1
Underdog,Patrick Williams,patrick williams,NBA,NBA,rebounds,3.5,8b71ae50-133e-495b-a288-637b850d14e7,131440,CHI,MEM,1
Underdog,Patrick Williams,patrick williams,NBA,NBA,points,1.5,61d1c651-8ae0-4ad8-8f68-77877d29beee,131440,CHI,MEM,1
Underdog,Patrick Williams,patrick williams,NBA,NBA,points,4.5,8ba7d388-eb5b-4f26-a210-a65dec4e068b,131440,CHI,MEM,1
Underdog,GG Jackson,gg jackson,NBA,NBA,points,18.5,a4684b8a-fde2-4847-bfa7-06df15e06774,131440,MEM,CHI,0
Underdog,Tre Jones,tre jones,NBA,NBA,points,14.5,b5417277-e131-4089-987a-2bcfbc1f9359,131440,CHI,MEM,1
Underdog,Collin Sexton,collin sexton,NBA,NBA,points,18.5,db5a0c23-90ac-4b5f-80da-0326be12f8ee,131440,CHI,MEM,1
Underdog,Collin Sexton,collin sexton,NBA,NBA,points,22.5,19798bcb-8bac-4ea6-8f69-bb79ed3681e5,131440,CHI,MEM,1
Underdog,Tre Jones,tre jones,NBA,NBA,points,23.5,bc3c9037-69d7-4a85-a086-5475633f7f43,131440,CHI,MEM,1
Underdog,GG Jackson,gg jackson,NBA,NBA,points,26.5,3d406fcb-fb1f-4b3a-b21e-3d284cf22aac,131440,MEM,CHI,1
Underdog,Collin Sexton,collin sexton,NBA,NBA,rebounds,2.5,6e9b06d0-47be-477b-8089-cbf3f57a7da9,131440,CHI,MEM,1
Underdog,Tre Jones,tre jones,NBA,NBA,rebounds,3.5,0fadba6b-9e29-4cee-b6ad-41220883a404,131440,CHI,MEM,0
Underdog,GG Jackson,gg jackson,NBA,NBA,rebounds,5.5,46e0ce30-aaed-4ee9-b02e-f227e2e1aeb4,131440,MEM,CHI,1
Underdog,Tre Jones,tre jones,NBA,NBA,assists,5.5,e891ce68-a609-485f-9e13-604f9df858bb,131440,CHI,MEM,1
Underdog,Collin Sexton,collin sexton,NBA,NBA,assists,2.5,9ed18f01-8f7f-4323-851a-c9498ae7ae26,131440,CHI,MEM,1
Underdog,Collin Sexton,collin sexton,NBA,NBA,points,2.5,acc0ed23-5e60-422b-a23d-38780a7c77cc,131440,CHI,MEM,1
Underdog,Tre Jones,tre jones,NBA,NBA,points,0.5,e118f711-3b00-41b0-913b-0c19af2b678b,131440,CHI,MEM,1
Underdog,GG Jackson,gg jackson,NBA,NBA,points,1.5,2915d5f4-0bda-4b7f-af84-5602087436b5,131440,MEM,CHI,0
Underdog,GG Jackson,gg jackson,NBA,NBA,points,7.5,fdd7f42b-9fde-4294-baf9-1307a88905f4,131440,MEM,CHI,1
Underdog,Tre Jones,tre jones,NBA,NBA,points,9.5,4bc5ecd1-9466-4a56-b043-82eb357cef5f,131440,CHI,MEM,1
Underdog,Collin Sexton,collin sexton,NBA,NBA,points,21.5,bfbff73d-7c70-4bf0-b06e-ed5e01f42d5c,131440,CHI,MEM,0
Underdog,GG Jackson,gg jackson,NBA,NBA,points,23.5,76bf6dc3-88e1-4f3d-9c1b-2e8b3864d6ea,131440,MEM,CHI,1
Underdog,GG Jackson,gg jackson,NBA,NBA,points,20.5,20f72638-bb6b-41fd-9dd8-dc245e8453d4,131440,MEM,CHI,1
Underdog,Collin Sexton,collin sexton,NBA,NBA,points,21.5,f50594e5-1cfb-4cae-b540-88406d8b6747,131440,CHI,MEM,1
Underdog,Tre Jones,tre jones,NBA,NBA,points,20.5,16adc76d-3d49-458b-a535-69e1d48fb250,131440,CHI,MEM,1
Underdog,GG Jackson,gg jackson,NBA,NBA,points,0.5,1efbdcd0-c29e-44ce-977a-034c7935bfcf,131440,MEM,CHI,0
Underdog,Tre Jones,tre jones,NBA,NBA,points,0.5,a54b95bf-3a6d-4167-a3dc-09a95da44e37,131440,CHI,MEM,0
Underdog,Collin Sexton,collin sexton,NBA,NBA,points,5.5,f7991371-5d5d-4a90-85e1-84b162e5a47c,131440,CHI,MEM,1
Underdog,GG Jackson,gg jackson,NBA,NBA,points,4.5,e6d2ff15-3043-4228-bdbe-ce8452a52cfe,131440,MEM,CHI,1
Underdog,Tre Jones,tre jones,NBA,NBA,points,4.5,35b76a34-625f-4bd3-b281-29e664a0765b,131440,CHI,MEM,1
Underdog,Tre Jones,tre jones,NBA,NBA,points,1.5,0dfd3d84-8e89-49fb-a0ba-14bf3c03393f,131440,CHI,MEM,1
Underdog,GG Jackson,gg jackson,NBA,NBA,points,1.5,f2da23bf-e913-43b1-9641-62709182d7c4,131440,MEM,CHI,1
Underdog,GG Jackson,gg jackson,NBA,NBA,turnovers,2.5,3fba97d4-771d-47e8-b568-8f0f93fbc30e,131440,MEM,CHI,1
Underdog,Tre Jones,tre jones,NBA,NBA,steals,1.5,9ae2623a-a504-4e63-9afa-0ef972628f58,131440,CHI,MEM,1
Underdog,Collin Sexton,collin sexton,NBA,NBA,steals,1.5,ad450fdf-af59-459f-8436-edb3e1ced569,131440,CHI,MEM,1
Underdog,GG Jackson,gg jackson,NBA,NBA,blocks,1.5,81de5e34-06d4-49ba-b2e4-426a64148eb2,131440,MEM,CHI,1
Underdog,GG Jackson,gg jackson,NBA,NBA,points,5.5,a03ca8a8-f7ca-4ff2-814d-2d6008024e0e,131440,MEM,CHI,1
Underdog,Collin Sexton,collin sexton,NBA,NBA,points,5.5,18c9fcd6-11c0-4820-85c0-086a1d9288bc,131440,CHI,MEM,1
Underdog,GG Jackson,gg jackson,NBA,NBA,points,14.5,b08e22d2-a354-4ea0-871c-4b64aa90bba4,131440,MEM,CHI,1
Underdog,Isaac Okoro,isaac okoro,NBA,NBA,points,10.5,3f53ebee-b8d9-495d-a5a7-cebfee1db9ae,131440,CHI,MEM,1
Underdog,Isaac Okoro,isaac okoro,NBA,NBA,points,15.5,4f9772b2-0a6f-4079-87bd-a51d8cabcbe9,131440,CHI,MEM,1
Underdog,Isaac Okoro,isaac okoro,NBA,NBA,rebounds,3.5,4d6c5398-7ac3-47e7-a9dd-8542592dbee4,131440,CHI,MEM,1
Underdog,Isaac Okoro,isaac okoro,NBA,NBA,points,1.5,bc49de9c-361d-4276-9b0f-5b148d97da2a,131440,CHI,MEM,1
Underdog,Isaac Okoro,isaac okoro,NBA,NBA,points,4.5,40307f35-b22e-4b2a-917f-289aa17f9523,131440,CHI,MEM,1
Underdog,Rob Dillingham,rob dillingham,NBA,NBA,points,10.5,fd2cde5f-c50c-44e2-aa30-0aef25aa36d8,131440,CHI,MEM,1
Underdog,Rob Dillingham,rob dillingham,NBA,NBA,points,17.5,151c5bfd-de70-46db-a045-fe21b3087d40,131440,CHI,MEM,1
Underdog,Rob Dillingham,rob dillingham,NBA,NBA,rebounds,3.5,801149e9-0ffc-40a8-a6b1-35e7eed6f75b,131440,CHI,MEM,1
Underdog,Rob Dillingham,rob dillingham,NBA,NBA,assists,3.5,ef820049-05c1-44d1-80e8-0295561ca6e1,131440,CHI,MEM,0
Underdog,Rob Dillingham,rob dillingham,NBA,NBA,points,1.5,02d4d53c-9571-437c-836f-475f9b0d6df0,131440,CHI,MEM,1
Underdog,Olivier-Maxence Prosper,olivier-maxence prosper,NBA,NBA,points,14.5,2c8dfc36-bb7e-47e4-bef4-ce162bee8c3e,131440,MEM,CHI,1
Underdog,Olivier-Maxence Prosper,olivier-maxence prosper,NBA,NBA,points,22.5,c86d7e49-7b69-455d-bede-fbd0e40946b5,131440,MEM,CHI,0
Underdog,Olivier-Maxence Prosper,olivier-maxence prosper,NBA,NBA,rebounds,5.5,e1476ebd-b34c-4cc3-9580-a90d138221c5,131440,MEM,CHI,1
Underdog,Olivier-Maxence Prosper,olivier-maxence prosper,NBA,NBA,points,1.5,79c6d683-d245-4aa8-9962-503fc91a24fc,131440,MEM,CHI,1
Underdog,Olivier-Maxence Prosper,olivier-maxence prosper,NBA,NBA,points,20.5,cfa06636-0962-4c4a-8f3e-17d61d3f8b62,131440,MEM,CHI,1
Underdog,Olivier-Maxence Prosper,olivier-maxence prosper,NBA,NBA,points,0.5,b2c5f197-8274-4bbc-aa6a-84641d2e14fd,131440,MEM,CHI,0
Underdog,Olivier-Maxence Prosper,olivier-maxence prosper,NBA,NBA,points,3.5,a1247e01-1528-4096-be60-cb27c873e3ea,131440,MEM,CHI,1
Underdog,Olivier-Maxence Prosper,olivier-maxence prosper,NBA,NBA,points,1.5,19449c5f-d84a-47f5-8841-decb88cbd918,131440,MEM,CHI,1
Underdog,Olivier-Maxence Prosper,olivier-maxence prosper,NBA,NBA,steals,1.5,9881a934-2560-4e4e-ae4c-bc9c53e60fe3,131440,MEM,CHI,1
Underdog,Olivier-Maxence Prosper,olivier-maxence prosper,NBA,NBA,points,4.5,2ff2970c-22f6-4826-8477-301643704d5d,131440,MEM,CHI,1
Underdog,Javon Small,javon small,NBA,NBA,points,14.5,35ff5616-cb18-4911-90d8-f7374bfe0e71,131440,MEM,CHI,1
Underdog,Leonard Miller,leonard miller,NBA,NBA,points,13.5,f9775fd2-e7a4-48b0-ab66-214d2fd054bb,131440,CHI,MEM,1
Underdog,Cedric Coward,cedric coward,NBA,NBA,points,13.5,1d81f31e-6dfc-478f-945c-372dc5ab3920,131440,MEM,CHI,1
Underdog,Walter Clayton Jr.,walter clayton jr.,NBA,NBA,points,8.5,b0641480-6773-4c5a-a7af-2ad046211d86,131440,MEM,CHI,1
Underdog,Rayan Rupert,rayan rupert,NBA,NBA,points,9.5,51581785-7cff-44bf-bfb7-b339494eefa5,131440,MEM,CHI,1
Underdog,Leonard Miller,leonard miller,NBA,NBA,points,23.5,4b0db1b1-5c85-44e9-a499-945f1e7a3e8a,131440,CHI,MEM,1
Underdog,Javon Small,javon small,NBA,NBA,points,26.5,9932f8da-08dc-4efa-a4b6-cc7e7aefc12a,131440,MEM,CHI,1
Underdog,Cedric Coward,cedric coward,NBA,NBA,points,22.5,b000d60b-9ef0-492c-8c86-ba7e0e886a1f,131440,MEM,CHI,1
Underdog,Rayan Rupert,rayan rupert,NBA,NBA,points,16.5,4b8720c2-0790-4c04-83c6-f934bcb43a09,131440,MEM,CHI,1
Underdog,Walter Clayton Jr.,walter clayton jr.,NBA,NBA,points,16.5,33ad1b5f-39e7-4194-90c5-041954f6cc5d,131440,MEM,CHI,1
Underdog,Javon Small,javon small,NBA,NBA,rebounds,5.5,763e0858-07f3-4d99-81e1-71331bfd4ba1,131440,MEM,CHI,1
Underdog,Rayan Rupert,rayan rupert,NBA,NBA,rebounds,4.5,6e568d8a-f5ea-4f79-8c27-b1673e62f6d1,131440,MEM,CHI,1
Underdog,Cedric Coward,cedric coward,NBA,NBA,rebounds,5.5,f7a8013f-c967-4662-b121-32b6ef3c4d88,131440,MEM,CHI,0
Underdog,Walter Clayton Jr.,walter clayton jr.,NBA,NBA,rebounds,2.5,034aa4cc-fb93-4b7d-838f-9a6352c91769,131440,MEM,CHI,1
Underdog,Leonard Miller,leonard miller,NBA,NBA,rebounds,785,e23ad151-6efa-4339-8e84-d0004b4f1623,131440,CHI,MEM,1
Underdog,Cedric Coward,cedric coward,NBA,NBA,assists,2.5,a7338716-e3cd-42be-a06b-e49aef10e807,131440,MEM,CHI,0
Underdog,Javon Small,javon small,NBA,NBA,assists,6.5,ddf641f1-6145-4621-8a4f-f1eab5f92187,131440,MEM,CHI,1
Underdog,Walter Clayton Jr.,walter clayton jr.,NBA,NBA,assists,4.5,8a885b64-432d-4e8a-adb6-903e2841a5fa,131440,MEM,CHI,1
Underdog,Cedric Coward,cedric coward,NBA,NBA,points,1.5,0a1ed2ae-c925-4b58-b6cb-7342e94477b8,131440,MEM,CHI,1
Underdog,Javon Small,javon small,NBA,NBA,points,1.5,17ef5c95-912e-4bf1-8d66-3a81aeec1b90,131440,MEM,CHI,1
Underdog,Walter Clayton Jr.,walter clayton jr.,NBA,NBA,points,1.5,cdf3a3c6-306f-4e58-8c94-528002a1cbbf,131440,MEM,CHI,1
Underdog,Leonard Miller,leonard miller,NBA,NBA,points,1.5,da746561-ccd7-4e9d-8421-2b351c69c2a5,131440,CHI,MEM,1
Underdog,Rayan Rupert,rayan rupert,NBA,NBA,points,1.5,87c5e894-c83a-4784-8adf-2bc67e0077cb,131440,MEM,CHI,1
Underdog,Javon Small,javon small,NBA,NBA,points,11.5,4d40de60-0160-488e-9c5f-b28f47f6a25d,131440,MEM,CHI,1
Underdog,Cedric Coward,cedric coward,NBA,NBA,points,8.5,52288155-bccb-4e3d-bc8f-7784e98f4231,131440,MEM,CHI,1
Underdog,Leonard Miller,leonard miller,NBA,NBA,points,9.5,2b4fdc62-7e29-4ea4-8562-84361348709e,131440,CHI,MEM,1
Underdog,Walter Clayton Jr.,walter clayton jr.,NBA,NBA,points,7.5,a80f7b20-3953-458f-acc1-d490a5024cb5,131440,MEM,CHI,1
Underdog,Cedric Coward,cedric coward,NBA,NBA,points,19.5,3d4c5a99-b998-41c7-909d-32f26000b381,131440,MEM,CHI,1
Underdog,Javon Small,javon small,NBA,NBA,points,19.5,dbdc702f-7f40-4044-93bb-833c346b5f06,131440,MEM,CHI,1
Underdog,Leonard Miller,leonard miller,NBA,NBA,points,22.5,e67efbd1-5c0f-4b4f-8c66-58cacb77b8b2,131440,CHI,MEM,1
Underdog,Javon Small,javon small,NBA,NBA,points,20.5,af41c518-bb42-4bd0-b55c-d61452851ea5,131440,MEM,CHI,1
Underdog,Javon Small,javon small,NBA,NBA,points,0.5,16a84aa2-222b-4b20-a175-6b7984ac1bcc,131440,MEM,CHI,0
Underdog,Leonard Miller,leonard miller,NBA,NBA,points,0.5,ea59de75-59e0-428e-8333-219161f693e8,131440,CHI,MEM,1
Underdog,Cedric Coward,cedric coward,NBA,NBA,points,0.5,23aee882-cb7e-4372-8ccf-5ec57edea591,131440,MEM,CHI,0
Underdog,Walter Clayton Jr.,walter clayton jr.,NBA,NBA,points,0.5,62ecb21a-6a85-4c19-8529-b637d350407a,131440,MEM,CHI,0
Underdog,Leonard Miller,leonard miller,NBA,NBA,points,3.5,76425ddf-7b40-4f4b-bc7b-c48d5ab52143,131440,CHI,MEM,1
Underdog,Javon Small,javon small,NBA,NBA,points,3.5,6042d7b9-3110-4c9a-8f3e-8272b85bca0b,131440,MEM,CHI,1
Underdog,Cedric Coward,cedric coward,NBA,NBA,points,3.5,17b60d6f-566d-4512-88f6-a6403cac3f45,131440,MEM,CHI,1
Underdog,Javon Small,javon small,NBA,NBA,points,1.5,d1aba250-a068-463f-830a-077609259327,131440,MEM,CHI,1
Underdog,Leonard Miller,leonard miller,NBA,NBA,points,1.5,cd15f7a4-4488-48e9-b544-eccc72705d9d,131440,CHI,MEM,1
Underdog,Cedric Coward,cedric coward,NBA,NBA,points,1.5,cd12578e-2a09-49e2-ac2f-03b79d2fc63c,131440,MEM,CHI,1
Underdog,Rayan Rupert,rayan rupert,NBA,NBA,points,1.5,7cef8724-a0ed-4cb9-942c-7058266f9f59,131440,MEM,CHI,1
Underdog,Walter Clayton Jr.,walter clayton jr.,NBA,NBA,turnovers,2.5,243600d5-9ccb-407f-a670-f0577c75e6a1,131440,MEM,CHI,1
Underdog,Javon Small,javon small,NBA,NBA,steals,1.5,f9c2f8a8-2695-42bd-ad22-5d8fe628c020,131440,MEM,CHI,1
Underdog,Rayan Rupert,rayan rupert,NBA,NBA,steals,1.5,954ee0ed-eaa4-4c72-8d2e-c925c6866b82,131440,MEM,CHI,1
Underdog,Walter Clayton Jr.,walter clayton jr.,NBA,NBA,points,4.5,a2ccb375-28dc-4358-b926-819449b416fe,131440,MEM,CHI,1
Underdog,Leonard Miller,leonard miller,NBA,NBA,points,4.5,408e8f44-2294-41e6-852d-a16063299386,131440,CHI,MEM,1
Underdog,Javon Small,javon small,NBA,NBA,points,5.5,cf26ad74-2652-4fed-aa28-75c0f070e3bd,131440,MEM,CHI,1
Underdog,Cedric Coward,cedric coward,NBA,NBA,points,4.5,b38b7f4f-7b81-4db2-a94f-0f3a355643b9,131440,MEM,CHI,1
Underdog,Devin Booker,devin booker,NBA,NBA,points,26.5,1d0dd470-ea15-43c1-b766-ba7a90ed0072,131441,PHX,UTA,0
Underdog,Devin Booker,devin booker,NBA,NBA,points,36.5,3b538150-0e2c-455a-9780-543abd53131c,131441,PHX,UTA,0
Underdog,Devin Booker,devin booker,NBA,NBA,rebounds,3.5,6f766ba0-9acf-4d57-83d5-7a5c340bf633,131441,PHX,UTA,1
Underdog,Devin Booker,devin booker,NBA,NBA,assists,6.5,0c7bdbc7-71e9-4986-8639-967deb367e9d,131441,PHX,UTA,1
Underdog,Devin Booker,devin booker,NBA,NBA,points,1.5,c1703da1-4199-446c-a99c-9f4b45d32780,131441,PHX,UTA,1
Underdog,Devin Booker,devin booker,NBA,NBA,points,10.5,232b42d1-6b6b-47bb-9914-f6bad89a91ab,131441,PHX,UTA,1
Underdog,Devin Booker,devin booker,NBA,NBA,points,30.5,c622e071-1c56-47e2-ac60-b4139d81d5ed,131441,PHX,UTA,1
Underdog,Devin Booker,devin booker,NBA,NBA,points,32.5,403aad5a-a623-471a-b131-0a063e5757a1,131441,PHX,UTA,1
Underdog,Devin Booker,devin booker,NBA,NBA,points,0.5,9964742a-1735-42e0-8146-77b58de4d367,131441,PHX,UTA,0
Underdog,Devin Booker,devin booker,NBA,NBA,points,6.5,c0a4f88d-8a45-42e4-adee-e32871ba991e,131441,PHX,UTA,1
Underdog,Devin Booker,devin booker,NBA,NBA,points,1.5,de17eaa4-2c10-4d05-9bbd-ed431569dd7c,131441,PHX,UTA,1
Underdog,Devin Booker,devin booker,NBA,NBA,points,9.5,ffa3671a-2160-41b2-915f-b6a6e8bb661d,131441,PHX,UTA,1
Underdog,Devin Booker,devin booker,NBA,NBA,points,42.05,fb7a5cf6-8665-48e7-80f0-3874c10fcfb3,131441,PHX,UTA,0
Underdog,Devin Booker,devin booker,NBA,NBA,turnovers,2.5,5c15f49e-1d7b-41e1-ae78-80cc23c337cd,131441,PHX,UTA,1
Underdog,Devin Booker,devin booker,NBA,NBA,points,6.5,4ebbfcbf-4444-4e2d-bf92-4cc1b06ec434,131441,PHX,UTA,1
Underdog,Devin Booker,devin booker,NBA,NBA,points,14.5,bb8d5b59-3e5e-4190-9f8d-a48abca82a40,131441,PHX,UTA,1
Underdog,Devin Booker,devin booker,NBA,NBA,points,19.5,a3d50358-6102-48aa-96d5-a984fc21f37f,131441,PHX,UTA,1
Underdog,Devin Booker,devin booker,NBA,NBA,points,17.5,5aae578f-0a63-4792-8f5c-ebca92c3cbd0,131441,PHX,UTA,1
Underdog,Devin Booker,devin booker,NBA,NBA,points,5.5,b9a2eca5-dcf1-42da-a4f6-ca85be7c4ede,131441,PHX,UTA,1
Underdog,Jalen Green,jalen green,NBA,NBA,points,20.5,cfcb6e81-dbcc-4038-82ff-8fc18629360d,131441,PHX,UTA,1
Underdog,Jalen Green,jalen green,NBA,NBA,points,28.5,9579a6b2-c91b-40f1-a8ec-d8377a396cf3,131441,PHX,UTA,0
Underdog,Jalen Green,jalen green,NBA,NBA,rebounds,4.5,cce54526-ce1b-4644-a7e7-ce2d9fa744a2,131441,PHX,UTA,1
Underdog,Jalen Green,jalen green,NBA,NBA,assists,3.5,248401a7-935f-41ed-acd9-5aea2ec64fb3,131441,PHX,UTA,1
Underdog,Jalen Green,jalen green,NBA,NBA,points,2.5,4f78d454-5598-461c-8b7a-e2219df69f2e,131441,PHX,UTA,1
Underdog,Jalen Green,jalen green,NBA,NBA,points,7.5,3b8f51b7-16e9-408b-8827-2f82df565ca4,131441,PHX,UTA,0
Underdog,Jalen Green,jalen green,NBA,NBA,points,25.5,f642a2a7-708b-4c05-b1a5-411800ccd90f,131441,PHX,UTA,1
Underdog,Jalen Green,jalen green,NBA,NBA,points,24.5,221f7d78-3a92-4ab6-b0f6-34013ce90406,131441,PHX,UTA,1
Underdog,Jalen Green,jalen green,NBA,NBA,points,5.5,9c320b07-45c3-4f47-958f-2de98d4ac44c,131441,PHX,UTA,1
Underdog,Jalen Green,jalen green,NBA,NBA,points,1.5,92a3c46c-39d9-4858-a14d-ee0bf02559b8,131441,PHX,UTA,1
Underdog,Jalen Green,jalen green,NBA,NBA,points,0.5,6cb656c5-6004-428e-af03-2026692d3ae1,131441,PHX,UTA,1
Underdog,Jalen Green,jalen green,NBA,NBA,points,7.5,1791043b-8c4c-40bf-b4f0-c424e8b39ffb,131441,PHX,UTA,1
Underdog,Jalen Green,jalen green,NBA,NBA,points,32.25,e4dd2cf0-2b45-4d36-8fbd-650332d45e6a,131441,PHX,UTA,0
Underdog,Jalen Green,jalen green,NBA,NBA,turnovers,2.5,4792783d-5e5c-4d4f-8e35-354942b19b79,131441,PHX,UTA,1
Underdog,Jalen Green,jalen green,NBA,NBA,steals,1.5,32e585c0-1cee-4a86-b0e9-b11ae0ecab14,131441,PHX,UTA,1
Underdog,Jalen Green,jalen green,NBA,NBA,points,2.5,b0300cc2-0f74-4699-8c6d-602a0196abcd,131441,PHX,UTA,1
Underdog,Jalen Green,jalen green,NBA,NBA,points,10.5,88156479-0945-4b58-9e6b-9fa7a895d909,131441,PHX,UTA,1
Underdog,Jalen Green,jalen green,NBA,NBA,points,1.5,bafb8903-59eb-4ebd-9926-4c308589ddd0,131441,PHX,UTA,1
Underdog,Jalen Green,jalen green,NBA,NBA,points,15.5,80a5660d-ce83-4494-83f0-d5c2f75507b1,131441,PHX,UTA,1
Underdog,Jalen Green,jalen green,NBA,NBA,points,6.5,fefea158-4544-47cc-8175-2e5cfbcc2116,131441,PHX,UTA,1
Underdog,Ace Bailey,ace bailey,NBA,NBA,points,18.5,d837dc4f-5ecb-4109-8c28-183e8f28e5e9,131441,UTA,PHX,0
Underdog,Ace Bailey,ace bailey,NBA,NBA,points,25.5,515c1c33-ae90-47fc-8ebb-90e7c5a32587,131441,UTA,PHX,0
Underdog,Ace Bailey,ace bailey,NBA,NBA,rebounds,4.5,dcc2a0f2-b38a-4c4a-81d5-0dd68612b150,131441,UTA,PHX,0
Underdog,Ace Bailey,ace bailey,NBA,NBA,points,2.5,abb80134-dcc2-49a3-892c-2aadb32053ae,131441,UTA,PHX,1
Underdog,Ace Bailey,ace bailey,NBA,NBA,points,0.5,3eda7053-7904-44d0-8b2b-56ba650f52e0,131441,UTA,PHX,0
Underdog,Ace Bailey,ace bailey,NBA,NBA,points,4.5,b3f023d9-a6c2-463f-a0ec-ccc067525822,131441,UTA,PHX,1
Underdog,Ace Bailey,ace bailey,NBA,NBA,points,1.5,ab7ee0e2-1ff6-4889-9494-fda852758655,131441,UTA,PHX,1
Underdog,Ace Bailey,ace bailey,NBA,NBA,turnovers,2.5,62053d01-638d-4ba5-a705-30244933532a,131441,UTA,PHX,1
Underdog,Ace Bailey,ace bailey,NBA,NBA,points,8.5,b60b8192-d0d9-45fe-887d-3f0843631a0b,131441,UTA,PHX,1
Underdog,Ace Bailey,ace bailey,NBA,NBA,points,16.5,4ab908c9-6261-452f-9b51-0e49add60eaa,131441,UTA,PHX,1
Underdog,Grayson Allen,grayson allen,NBA,NBA,points,15.5,e0473e73-8550-44c7-9f85-6d061a7319f1,131441,PHX,UTA,1
Underdog,Grayson Allen,grayson allen,NBA,NBA,points,22.5,048573f6-d320-4da3-bafb-0e56b7f56867,131441,PHX,UTA,1
Underdog,Grayson Allen,grayson allen,NBA,NBA,rebounds,2.5,0ae58571-e495-4cb1-8bd5-1b5cc7820da0,131441,PHX,UTA,1
Underdog,Grayson Allen,grayson allen,NBA,NBA,assists,3.5,64641d5e-0234-44b4-ad82-5d55d1dbd890,131441,PHX,UTA,1
Underdog,Grayson Allen,grayson allen,NBA,NBA,points,3.5,4bc4ce8f-f941-40b6-9710-d64b9156bbab,131441,PHX,UTA,1
Underdog,Grayson Allen,grayson allen,NBA,NBA,points,19.5,2d2cd42a-a6c7-4f1c-8ecc-6dc1883d3553,131441,PHX,UTA,0
Underdog,Grayson Allen,grayson allen,NBA,NBA,points,3.5,50be4979-88fd-4f5d-94f4-f0510a8e6297,131441,PHX,UTA,1
Underdog,Grayson Allen,grayson allen,NBA,NBA,points,0.5,efa59bd9-8ddd-4420-81d8-70e4dd4ba0a5,131441,PHX,UTA,1
Underdog,Grayson Allen,grayson allen,NBA,NBA,steals,1.5,ea6ed461-faa4-49d6-8f17-e1723b8b69ae,131441,PHX,UTA,1
Underdog,Grayson Allen,grayson allen,NBA,NBA,points,1.5,d13d86e1-4e71-4d27-9ee4-eff88485190d,131441,PHX,UTA,1
Underdog,Grayson Allen,grayson allen,NBA,NBA,points,7.5,99852a5d-1334-48b3-b938-3a44053eefca,131441,PHX,UTA,1
Underdog,Royce O'Neale,royce o'neale,NBA,NBA,points,9.5,dab9c906-ab2c-4fee-8285-9dbd24e7368a,131441,PHX,UTA,0
Underdog,Royce O'Neale,royce o'neale,NBA,NBA,points,16.5,48262e15-0925-48fe-a063-820ebb0065fd,131441,PHX,UTA,1
Underdog,Royce O'Neale,royce o'neale,NBA,NBA,rebounds,4.5,2ce3d089-56d5-4d29-be66-93f12d556d51,131441,PHX,UTA,1
Underdog,Royce O'Neale,royce o'neale,NBA,NBA,assists,2.5,bd321960-54c4-45ba-8dd0-3d46ba28d119,131441,PHX,UTA,1
Underdog,Royce O'Neale,royce o'neale,NBA,NBA,points,2.5,6c4d71a0-4c6a-4e02-85e3-1b7f47b785e8,131441,PHX,UTA,1
Underdog,Royce O'Neale,royce o'neale,NBA,NBA,points,6.5,9bab06b5-40f9-478e-8c45-0650fb078d70,131441,PHX,UTA,1
Underdog,Royce O'Neale,royce o'neale,NBA,NBA,points,1.5,5b4bc528-9897-4d0b-93d4-2c1c3fac1375,131441,PHX,UTA,1
Underdog,Royce O'Neale,royce o'neale,NBA,NBA,points,0.5,e5816a95-4945-4b22-88e8-94742419af06,131441,PHX,UTA,1
Underdog,Royce O'Neale,royce o'neale,NBA,NBA,points,1.5,3f6b066b-622b-4274-95c0-8fd1692efd52,131441,PHX,UTA,1
Underdog,Royce O'Neale,royce o'neale,NBA,NBA,points,6.5,7b6f58f2-e835-4639-8faf-5d0a102b930c,131441,PHX,UTA,1
Underdog,Oso Ighodaro,oso ighodaro,NBA,NBA,points,8.5,8d2bf8eb-521e-4efb-9c04-e6b234231027,131441,PHX,UTA,1
Underdog,Collin Gillespie,collin gillespie,NBA,NBA,points,12.5,b0cda494-d200-4de6-9ee3-5e7f7f28ebf2,131441,PHX,UTA,1
Underdog,Brice Sensabaugh,brice sensabaugh,NBA,NBA,points,20.5,9ce9fd12-dbd1-497a-9b2b-7f45d7d2b385,131441,UTA,PHX,1
Underdog,Jordan Goodwin,jordan goodwin,NBA,NBA,points,8.5,d00a759f-94f9-4339-9266-731a2ccd5e4c,131441,PHX,UTA,1
Underdog,Kyle Filipowski,kyle filipowski,NBA,NBA,points,13.5,af28fc8b-6b68-49a7-a674-8954d837f573,131441,UTA,PHX,1
Underdog,Cody Williams,cody williams,NBA,NBA,points,13.5,f886740a-0371-43df-a3ca-1e5c4b2a7fc0,131441,UTA,PHX,1
Underdog,Cody Williams,cody williams,NBA,NBA,points,19.5,870ab8fb-92e5-4a55-b730-ad6b1ed37492,131441,UTA,PHX,1
Underdog,Brice Sensabaugh,brice sensabaugh,NBA,NBA,points,25.5,1f773872-e72e-468b-8f28-3d05ba5990a1,131441,UTA,PHX,1
Underdog,Jordan Goodwin,jordan goodwin,NBA,NBA,points,16.5,d9acb40a-203d-4b3d-b795-30089b4fd5bd,131441,PHX,UTA,1
Underdog,Kyle Filipowski,kyle filipowski,NBA,NBA,points,23.5,72dea905-b874-4560-8eb3-dbdf8aa5ffcc,131441,UTA,PHX,1
Underdog,Oso Ighodaro,oso ighodaro,NBA,NBA,points,18.5,b6246077-f21e-4998-a0e8-6ef313cd1e5b,131441,PHX,UTA,1
Underdog,Collin Gillespie,collin gillespie,NBA,NBA,points,20.5,6b1a5fe3-6cd1-40cd-8dd9-ebaac0e43117,131441,PHX,UTA,0
Underdog,Kyle Filipowski,kyle filipowski,NBA,NBA,rebounds,7.5,e5e2346d-a972-4a84-b709-2303dd2a058e,131441,UTA,PHX,0
Underdog,Collin Gillespie,collin gillespie,NBA,NBA,rebounds,4.5,3fcb455a-ed9d-4fa4-b48f-00e2b324943e,131441,PHX,UTA,1
Underdog,Jordan Goodwin,jordan goodwin,NBA,NBA,rebounds,5.5,d58a8569-5d61-46b9-b3fa-3e0f8b1e53d6,131441,PHX,UTA,1
Underdog,Oso Ighodaro,oso ighodaro,NBA,NBA,rebounds,6.5,91b9686a-a0e0-4bf9-9f21-5b1dae12d734,131441,PHX,UTA,1
Underdog,Brice Sensabaugh,brice sensabaugh,NBA,NBA,rebounds,3.5,1c395ec5-2eb8-4638-8a4c-78280eb3e4d4,131441,UTA,PHX,1
Underdog,Cody Williams,cody williams,NBA,NBA,rebounds,3.5,b50d0987-8b09-40f5-94e6-6cea1c46cb69,131441,UTA,PHX,1
Underdog,Brice Sensabaugh,brice sensabaugh,NBA,NBA,assists,2.5,321beccd-b65c-429d-bd75-a5816adba408,131441,UTA,PHX,1
Underdog,Oso Ighodaro,oso ighodaro,NBA,NBA,assists,3.5,0a061fb7-df98-468c-8d9c-25a0d2e7fb66,131441,PHX,UTA,1
Underdog,Collin Gillespie,collin gillespie,NBA,NBA,assists,4.5,d66532e5-334e-4f2f-b67f-06c926ca3124,131441,PHX,UTA,1
Underdog,Cody Williams,cody williams,NBA,NBA,assists,2.5,fb50b309-d2ab-4cfc-b2e2-5399a51fa79a,131441,UTA,PHX,1
Underdog,Kyle Filipowski,kyle filipowski,NBA,NBA,assists,3.5,51dffcfb-d142-4277-8154-4ab425c37f6b,131441,UTA,PHX,1
Underdog,Jordan Goodwin,jordan goodwin,NBA,NBA,assists,2.5,ca961773-40ca-4127-8a7a-8c5f7bf58cc5,131441,PHX,UTA,1
Underdog,Jordan Goodwin,jordan goodwin,NBA,NBA,points,1.5,ac1a1e1e-5021-426b-bc01-ff2eb271b8b6,131441,PHX,UTA,1
Underdog,Brice Sensabaugh,brice sensabaugh,NBA,NBA,points,2.5,5b57d392-b6cc-45b9-bdef-05dcd09894eb,131441,UTA,PHX,0
Underdog,Collin Gillespie,collin gillespie,NBA,NBA,points,2.5,968b7ec7-86a1-4eef-9194-ed45b898560a,131441,PHX,UTA,1
Underdog,Cody Williams,cody williams,NBA,NBA,points,0.5,6964448a-cbf5-4701-a51b-1f50f9730a10,131441,UTA,PHX,1
Underdog,Kyle Filipowski,kyle filipowski,NBA,NBA,points,1.5,5395e036-c39f-46bc-b05a-6274ad3ed9dd,131441,UTA,PHX,1
Underdog,Collin Gillespie,collin gillespie,NBA,NBA,points,8.5,f1424094-8cd6-4963-8937-09393f049c44,131441,PHX,UTA,1
Underdog,Jordan Goodwin,jordan goodwin,NBA,NBA,points,7.5,b7cb5e85-5618-4588-b1a5-e7bfa4e4c103,131441,PHX,UTA,1
Underdog,Oso Ighodaro,oso ighodaro,NBA,NBA,points,10.5,56bb63e0-3ad0-4452-b317-76a4b1a16014,131441,PHX,UTA,1
Underdog,Kyle Filipowski,kyle filipowski,NBA,NBA,points,10.5,f756c80c-5f67-40be-9338-73d892ac2fd3,131441,UTA,PHX,1
Underdog,Kyle Filipowski,kyle filipowski,NBA,NBA,points,20.5,d5d2a5b0-b464-4738-aca9-7bf28f63e123,131441,UTA,PHX,1
Underdog,Brice Sensabaugh,brice sensabaugh,NBA,NBA,points,23.5,760cd66b-4e1a-4259-b5b6-025f8e3b797b,131441,UTA,PHX,0
Underdog,Cody Williams,cody williams,NBA,NBA,points,17.5,7541f5a8-4243-46e3-afd8-b02c47e3ff35,131441,UTA,PHX,0
Underdog,Brice Sensabaugh,brice sensabaugh,NBA,NBA,points,22.5,988921bf-8b5d-4126-bea1-02be9249f710,131441,UTA,PHX,0
Underdog,Kyle Filipowski,kyle filipowski,NBA,NBA,points,0.5,485480ff-891b-43cd-b3b7-64c7e0ec1269,131441,UTA,PHX,1
Underdog,Jordan Goodwin,jordan goodwin,NBA,NBA,points,0.5,2772bb68-c735-4f88-8a5f-9beb25081b89,131441,PHX,UTA,0
Underdog,Oso Ighodaro,oso ighodaro,NBA,NBA,points,0.5,b916c428-438f-44a1-988d-a41d2434a506,131441,PHX,UTA,0
Underdog,Brice Sensabaugh,brice sensabaugh,NBA,NBA,points,5.5,75d2073d-75bb-4e8c-bc32-3933b91590ba,131441,UTA,PHX,1
Underdog,Cody Williams,cody williams,NBA,NBA,points,3.5,875aba3e-0267-418c-8a94-b1545a7d3e54,131441,UTA,PHX,1
Underdog,Collin Gillespie,collin gillespie,NBA,NBA,points,1.5,4e66e242-d866-463a-9582-6cebf3830734,131441,PHX,UTA,1
Underdog,Kyle Filipowski,kyle filipowski,NBA,NBA,points,1.5,53ecbfb6-e66e-498e-87b8-94b6d8af48ee,131441,UTA,PHX,1
Underdog,Oso Ighodaro,oso ighodaro,NBA,NBA,points,1.5,4925cb91-4ea2-42df-b57f-2c8819fb68f9,131441,PHX,UTA,1
Underdog,Cody Williams,cody williams,NBA,NBA,points,1.5,050db645-75e8-48b0-b28c-bfc77cee7dab,131441,UTA,PHX,1
Underdog,Jordan Goodwin,jordan goodwin,NBA,NBA,points,1.5,07237139-a167-4a43-9e98-15e4e38c10f5,131441,PHX,UTA,1
Underdog,Collin Gillespie,collin gillespie,NBA,NBA,points,0.5,0fcfa165-fc16-41fb-9b74-a600beb9571f,131441,PHX,UTA,1
Underdog,Kyle Filipowski,kyle filipowski,NBA,NBA,turnovers,2.5,63724d4c-8000-4fda-923f-43f0a4693998,131441,UTA,PHX,1
Underdog,Brice Sensabaugh,brice sensabaugh,NBA,NBA,turnovers,3.5,d5f1bfa0-11a9-4577-aae0-11a19120cd60,131441,UTA,PHX,1
Underdog,Jordan Goodwin,jordan goodwin,NBA,NBA,steals,1.5,e622b06c-4c50-40e4-860b-79d2cb5cbc8d,131441,PHX,UTA,1
Underdog,Oso Ighodaro,oso ighodaro,NBA,NBA,steals,1.5,c60bbdb5-0910-4473-b92c-4f1a7663db86,131441,PHX,UTA,1
Underdog,Oso Ighodaro,oso ighodaro,NBA,NBA,points,2.5,856cc98c-cd0a-4e48-b832-879bbb8cdd99,131441,PHX,UTA,1
Underdog,Collin Gillespie,collin gillespie,NBA,NBA,points,1.5,420d5cf1-d97e-4eb3-adfe-16c5dffd2685,131441,PHX,UTA,1
Underdog,Brice Sensabaugh,brice sensabaugh,NBA,NBA,points,16.5,bdb9bd29-8c8d-4b9f-aee7-9092f2ab999e,131441,UTA,PHX,1
Underdog,Brice Sensabaugh,brice sensabaugh,NBA,NBA,points,8.5,155c097d-a2bd-473f-ab3f-144fe0891e3a,131441,UTA,PHX,1
Underdog,Collin Gillespie,collin gillespie,NBA,NBA,points,7.5,bb6f2159-d390-4c34-891c-0dfefdf5e6f8,131441,PHX,UTA,1
Underdog,Jordan Goodwin,jordan goodwin,NBA,NBA,points,4.5,19c97bca-b22a-4cb8-9937-9975ceee1d81,131441,PHX,UTA,1
Underdog,Pascal Siakam,pascal siakam,NBA,NBA,points,21.5,276655a7-994e-46a2-b48a-2968f3b34494,131443,IND,MIA,1
Underdog,Pascal Siakam,pascal siakam,NBA,NBA,points,31.5,dde6b132-c87a-4566-b591-8fa0d66bfd22,131443,IND,MIA,1
Underdog,Pascal Siakam,pascal siakam,NBA,NBA,rebounds,6.5,6447af7e-a694-4de1-8794-fc8ec57db8c0,131443,IND,MIA,1
Underdog,Pascal Siakam,pascal siakam,NBA,NBA,assists,3.5,78de736b-3395-4ba2-89f7-ab2360d68d12,131443,IND,MIA,1
Underdog,Pascal Siakam,pascal siakam,NBA,NBA,points,1.5,e25750c1-c485-4291-9d82-a793f224000e,131443,IND,MIA,1
Underdog,Pascal Siakam,pascal siakam,NBA,NBA,points,9.5,b5b9d3a4-e375-4a51-a324-48dd7eaad983,131443,IND,MIA,1
Underdog,Pascal Siakam,pascal siakam,NBA,NBA,points,28.5,b5a33c6c-be39-4ea7-a793-2208e0030239,131443,IND,MIA,1
Underdog,Pascal Siakam,pascal siakam,NBA,NBA,points,25.5,88c51bb6-0ed7-40ca-ad85-f709e797deba,131443,IND,MIA,1
Underdog,Pascal Siakam,pascal siakam,NBA,NBA,points,0.5,68d05ef5-7234-4b26-a7bf-94833ddea0aa,131443,IND,MIA,0
Underdog,Pascal Siakam,pascal siakam,NBA,NBA,points,5.5,f7c40509-ebd5-4ac6-a225-be6828d3b224,131443,IND,MIA,1
Underdog,Pascal Siakam,pascal siakam,NBA,NBA,points,1.5,6fcca148-c165-4de2-afef-d7f393935608,131443,IND,MIA,1
Underdog,Pascal Siakam,pascal siakam,NBA,NBA,turnovers,2.5,3f6307a9-0a0f-4808-a074-5c345aea580e,131443,IND,MIA,1
Underdog,Pascal Siakam,pascal siakam,NBA,NBA,points,17.5,6b084561-c76d-4211-94bd-a1bf27af87d8,131443,IND,MIA,1
Underdog,Bam Adebayo,bam adebayo,NBA,NBA,points,22.5,d2bb1bcf-b2b0-455d-9a25-7484595952da,131443,MIA,IND,1
Underdog,Bam Adebayo,bam adebayo,NBA,NBA,points,37.5,f9f843c4-624e-42f6-bb54-7e6578ed3552,131443,MIA,IND,1
Underdog,Bam Adebayo,bam adebayo,NBA,NBA,rebounds,10.5,c55d768e-62de-418e-acc2-9b3c119e3e47,131443,MIA,IND,1
Underdog,Bam Adebayo,bam adebayo,NBA,NBA,assists,3.5,54fc0ef0-d7ae-48ae-95e0-6cff65770d88,131443,MIA,IND,1
Underdog,Bam Adebayo,bam adebayo,NBA,NBA,points,1.5,b4ac22ea-bd14-4a4b-9d1c-df3be7fa627e,131443,MIA,IND,1
Underdog,Bam Adebayo,bam adebayo,NBA,NBA,points,14.5,c2307aec-2351-4329-a1e1-3a0fa579a637,131443,MIA,IND,1
Underdog,Bam Adebayo,bam adebayo,NBA,NBA,points,33.5,36859304-2860-4c53-890a-db587421addd,131443,MIA,IND,1
Underdog,Bam Adebayo,bam adebayo,NBA,NBA,points,26.5,baaaba13-e62b-40ed-a8d7-905c8543d3e1,131443,MIA,IND,1
Underdog,Bam Adebayo,bam adebayo,NBA,NBA,points,0.5,8ccbbbb3-8019-4ddf-8d23-9e42fe073e12,131443,MIA,IND,1
Underdog,Bam Adebayo,bam adebayo,NBA,NBA,points,5.5,61f71ca6-e782-4fc5-9a1d-e4d3b6694c8f,131443,MIA,IND,1
Underdog,Bam Adebayo,bam adebayo,NBA,NBA,points,2.5,da0057f1-8233-45fd-b539-859e1e9f4191,131443,MIA,IND,1
Underdog,Bam Adebayo,bam adebayo,NBA,NBA,steals,1.5,f3ba3fac-7dc2-4ba9-81c6-c42e1d226797,131443,MIA,IND,1
Underdog,Bam Adebayo,bam adebayo,NBA,NBA,points,16.5,ed4373d5-7cbc-4ce7-8949-48429c8a7000,131443,MIA,IND,1
Underdog,Bam Adebayo,bam adebayo,NBA,NBA,points,5.5,0531c1a4-b093-4461-9ffb-7d55e7a0ac1a,131443,MIA,IND,1
Underdog,Tyler Herro,tyler herro,NBA,NBA,points,20.5,9213ed70-43cc-4cfc-b4df-020bf8e42813,131443,MIA,IND,1
Underdog,Andrew Wiggins,andrew wiggins,NBA,NBA,points,11.5,dc89c4bf-382a-462e-b327-61434b5c91d2,131443,MIA,IND,1
Underdog,Tyler Herro,tyler herro,NBA,NBA,points,30.5,9e4cc304-ecee-45b0-8c4a-2b7a04217cb3,131443,MIA,IND,1
Underdog,Andrew Wiggins,andrew wiggins,NBA,NBA,points,18.5,864bdd5b-0954-438f-adde-62367c8c0acb,131443,MIA,IND,1
Underdog,Andrew Wiggins,andrew wiggins,NBA,NBA,rebounds,4.5,cf6676ad-c539-41ab-96dc-9554053607ac,131443,MIA,IND,1
Underdog,Tyler Herro,tyler herro,NBA,NBA,rebounds,5.5,a1720f5c-5b07-42a8-bc4d-eb70c26723d7,131443,MIA,IND,1
Underdog,Tyler Herro,tyler herro,NBA,NBA,assists,3.5,0bf8cb0d-e43e-4d5c-b4a5-ce897d5529b2,131443,MIA,IND,1
Underdog,Tyler Herro,tyler herro,NBA,NBA,points,2.5,1657cdca-9350-462e-921c-707e30931a16,131443,MIA,IND,1
Underdog,Andrew Wiggins,andrew wiggins,NBA,NBA,points,1.5,34029052-08d7-419d-8bc8-07fb647ec67f,131443,MIA,IND,1
Underdog,Tyler Herro,tyler herro,NBA,NBA,points,9.5,12f169ed-1047-4856-8319-f398fca68e48,131443,MIA,IND,1
Underdog,Tyler Herro,tyler herro,NBA,NBA,points,26.5,452e1fd3-71cd-4667-a0e0-3a05a14f76c1,131443,MIA,IND,1
Underdog,Tyler Herro,tyler herro,NBA,NBA,points,25.5,e7b507a9-4b5d-488d-aeaa-95cb49bfc249,131443,MIA,IND,1
Underdog,Tyler Herro,tyler herro,NBA,NBA,points,0.5,40a3a8ef-ebd1-481f-a7d6-505934a99a14,131443,MIA,IND,0
Underdog,Andrew Wiggins,andrew wiggins,NBA,NBA,points,3.5,251af370-196a-4688-a23c-d1a440f8d254,131443,MIA,IND,1
Underdog,Tyler Herro,tyler herro,NBA,NBA,points,5.5,c776f96d-e2ed-41fe-a8da-b2a7ca60d8e6,131443,MIA,IND,1
Underdog,Tyler Herro,tyler herro,NBA,NBA,points,1.5,8785c8c9-fcfe-41a2-b113-6d56fd60b609,131443,MIA,IND,1
Underdog,Andrew Wiggins,andrew wiggins,NBA,NBA,points,1.5,2a397f02-d046-4d65-9d4e-76de1ee4b63e,131443,MIA,IND,1
Underdog,Tyler Herro,tyler herro,NBA,NBA,points,7.5,ce7e01ad-8d72-4cdf-80e9-6a49778e9d16,131443,MIA,IND,1
Underdog,Andrew Wiggins,andrew wiggins,NBA,NBA,points,4.5,f0288280-ac26-4b02-854b-af211b6d485d,131443,MIA,IND,1
Underdog,Tyler Herro,tyler herro,NBA,NBA,points,15.5,625be30a-30c4-4299-94b2-253d6b99571e,131443,MIA,IND,1
Underdog,Andrew Nembhard,andrew nembhard,NBA,NBA,points,15.5,f8127591-1d79-4fe4-88be-44722d556091,131443,IND,MIA,1
Underdog,Andrew Nembhard,andrew nembhard,NBA,NBA,points,26.5,69526dcf-0468-4fd4-9ec8-b29435dfa518,131443,IND,MIA,1
Underdog,Andrew Nembhard,andrew nembhard,NBA,NBA,rebounds,2.5,4affc314-c39c-44f8-8e45-dad40940fc90,131443,IND,MIA,1
Underdog,Andrew Nembhard,andrew nembhard,NBA,NBA,assists,8.5,c81a2163-0ba9-41c1-947f-22f41a69589d,131443,IND,MIA,1
Underdog,Andrew Nembhard,andrew nembhard,NBA,NBA,points,1.5,74f6fa63-4721-4fdc-b4e6-c41e93fc3dee,131443,IND,MIA,1
Underdog,Andrew Nembhard,andrew nembhard,NBA,NBA,points,11.5,008f0e77-1c94-45a8-a0b2-c5c804977b14,131443,IND,MIA,1
Underdog,Andrew Nembhard,andrew nembhard,NBA,NBA,points,24.5,b1ec633d-ed9b-4257-8354-78d999acdb98,131443,IND,MIA,1
Underdog,Andrew Nembhard,andrew nembhard,NBA,NBA,points,0.5,adb42264-e0ba-4f5b-abfd-18556b90496e,131443,IND,MIA,1
Underdog,Andrew Nembhard,andrew nembhard,NBA,NBA,points,3.5,dedf56d2-aa0c-47ee-8aec-f1c60b3185c6,131443,IND,MIA,1
Underdog,Andrew Nembhard,andrew nembhard,NBA,NBA,points,2.5,baf21655-02f3-4a3d-a9a3-fcfc1b77901e,131443,IND,MIA,1
Underdog,Andrew Nembhard,andrew nembhard,NBA,NBA,turnovers,2.5,c973dd22-3d1c-4806-84c1-99cc3a8f6655,131443,IND,MIA,1
Underdog,Andrew Nembhard,andrew nembhard,NBA,NBA,points,4.5,7e191c0d-e3f3-4cd7-a167-5d35466d33c8,131443,IND,MIA,1
Underdog,Norman Powell,norman powell,NBA,NBA,points,18.5,939e4cf8-9e1b-406f-bea3-561be0347b28,131443,MIA,IND,1
Underdog,Norman Powell,norman powell,NBA,NBA,points,24.5,dac2fd9c-2591-4c5a-af62-60c37c35b543,131443,MIA,IND,1
Underdog,Norman Powell,norman powell,NBA,NBA,rebounds,3.5,b1286ec1-acb3-494f-a246-ef8b283ccd77,131443,MIA,IND,1
Underdog,Norman Powell,norman powell,NBA,NBA,assists,2.5,7f5a708e-47ac-4d39-bd63-d0b29e3f1652,131443,MIA,IND,1
Underdog,Norman Powell,norman powell,NBA,NBA,points,2.5,43d3817c-391b-4361-a410-88f73f1651ff,131443,MIA,IND,1
Underdog,Norman Powell,norman powell,NBA,NBA,points,22.5,3659d078-fb81-4575-825d-b4069a1734a0,131443,MIA,IND,1
Underdog,Norman Powell,norman powell,NBA,NBA,points,21.5,a7cd3aea-da5b-4da2-b97e-abb42f8e291d,131443,MIA,IND,1
Underdog,Norman Powell,norman powell,NBA,NBA,points,4.5,601c65a4-28c8-47db-a379-8aa7a6bc6570,131443,MIA,IND,1
Underdog,Norman Powell,norman powell,NBA,NBA,points,6.5,40a2a365-0d63-46e2-aab6-8a4457a39e99,131443,MIA,IND,1
Underdog,Davion Mitchell,davion mitchell,NBA,NBA,points,8.5,e21bdaf1-da93-4404-aae2-f668d26462ae,131443,MIA,IND,1
Underdog,Davion Mitchell,davion mitchell,NBA,NBA,points,17.5,11b932f6-ae8a-4b79-8d08-43f96b443898,131443,MIA,IND,1
Underdog,Davion Mitchell,davion mitchell,NBA,NBA,rebounds,2.5,d2834434-dfe5-4f97-8dd8-e8889be2583f,131443,MIA,IND,1
Underdog,Davion Mitchell,davion mitchell,NBA,NBA,assists,5.5,ad497bff-9ceb-454c-af23-a0b8b83a476f,131443,MIA,IND,1
Underdog,Davion Mitchell,davion mitchell,NBA,NBA,points,1.5,00c28c9b-03c7-47a0-82e0-3a7abf961517,131443,MIA,IND,1
Underdog,Davion Mitchell,davion mitchell,NBA,NBA,points,8.5,51e69872-ca9b-4166-873e-20151dcba5cf,131443,MIA,IND,1
Underdog,Davion Mitchell,davion mitchell,NBA,NBA,points,0.5,1176d1a8-8e28-4605-b589-2dd9f039ad28,131443,MIA,IND,0
Underdog,Zion Williamson,zion williamson,NBA,NBA,points,21.5,6da8effa-2cfe-40c0-9462-48f19d73f9ff,131448,NOP,HOU,1
Underdog,Kevin Durant,kevin durant,NBA,NBA,points,25.5,96af1237-2509-460f-a5b4-39ae3068c613,131448,HOU,NOP,1
Underdog,Kevin Durant,kevin durant,NBA,NBA,points,35.5,f729a63a-b9fd-4a6a-8dd5-9bee7342112d,131448,HOU,NOP,1
Underdog,Zion Williamson,zion williamson,NBA,NBA,points,30.5,a4309908-8d71-480d-83e1-d620e47d5be3,131448,NOP,HOU,1
Underdog,Kevin Durant,kevin durant,NBA,NBA,rebounds,5.5,02f6d747-5f60-48fd-8ae1-c29bcbb6d2aa,131448,HOU,NOP,1
Underdog,Zion Williamson,zion williamson,NBA,NBA,rebounds,5.5,c45fbdcc-7938-49f1-8298-9da069b113a8,131448,NOP,HOU,1
Underdog,Zion Williamson,zion williamson,NBA,NBA,assists,2.5,9e3f6894-4b1e-41e3-a01e-5e86102dcf68,131448,NOP,HOU,1
Underdog,Kevin Durant,kevin durant,NBA,NBA,assists,5.5,38e03dff-63cf-4f77-b334-4a4677c44bea,131448,HOU,NOP,1
Underdog,Kevin Durant,kevin durant,NBA,NBA,points,2.5,e678a2b0-4a8d-4ef9-a39b-3c8c6454618b,131448,HOU,NOP,1
Underdog,Kevin Durant,kevin durant,NBA,NBA,points,10.5,8bd2d4e2-cf64-443d-a247-8ee20188d497,131448,HOU,NOP,1
Underdog,Zion Williamson,zion williamson,NBA,NBA,points,8.5,a3620951-90ca-4dae-96fd-fe2af5871516,131448,NOP,HOU,1
Underdog,Kevin Durant,kevin durant,NBA,NBA,points,30.5,55c50958-e623-4270-8132-a4b9d0e2d6c0,131448,HOU,NOP,1
Underdog,Zion Williamson,zion williamson,NBA,NBA,points,27.5,96ee266d-1d8f-4037-a6bf-e35f99b38329,131448,NOP,HOU,1
Underdog,Zion Williamson,zion williamson,NBA,NBA,points,24.5,9bd72c0c-7d15-4bf3-82ed-1e28bb5c9c73,131448,NOP,HOU,1
Underdog,Kevin Durant,kevin durant,NBA,NBA,points,30.5,33abb960-5771-410d-b2e7-be643ef5a647,131448,HOU,NOP,1
Underdog,Zion Williamson,zion williamson,NBA,NBA,points,0.5,685278e8-5839-4dae-8758-3ff93eaa4fa0,131448,NOP,HOU,0
Underdog,Kevin Durant,kevin durant,NBA,NBA,points,0.5,fdbcbab2-2666-40ba-9a3b-a9fed706b7ce,131448,HOU,NOP,0
Underdog,Zion Williamson,zion williamson,NBA,NBA,points,5.5,918e80ec-92be-4d45-8304-0899e027beff,131448,NOP,HOU,1
Underdog,Kevin Durant,kevin durant,NBA,NBA,points,7.5,659d46ab-76b7-4b95-89ca-41094a7ac341,131448,HOU,NOP,1
Underdog,Zion Williamson,zion williamson,NBA,NBA,points,1.5,ad19921e-3310-4ada-b8bb-8dfead9a89d6,131448,NOP,HOU,1
Underdog,Kevin Durant,kevin durant,NBA,NBA,points,1.5,f2758bbe-990c-46f7-ad37-1fe559458b45,131448,HOU,NOP,1
Underdog,Kevin Durant,kevin durant,NBA,NBA,turnovers,3.5,224b3222-e799-435f-9ed1-3ae4f00271c4,131448,HOU,NOP,1
Underdog,Kevin Durant,kevin durant,NBA,NBA,points,6.5,edf197f5-ea61-425b-89a6-7e02d6f75cb8,131448,HOU,NOP,1
Underdog,Kevin Durant,kevin durant,NBA,NBA,points,17.5,9785529b-ffbc-43a5-aa91-c9f0564fabe8,131448,HOU,NOP,1
Underdog,Alperen Sengun,alperen sengun,NBA,NBA,points,19.5,af1347b6-dc3f-4685-9b05-0619f04ee459,131448,HOU,NOP,1
Underdog,Alperen Sengun,alperen sengun,NBA,NBA,points,34.5,d879bc46-6b36-413e-8278-55519f4413be,131448,HOU,NOP,1
Underdog,Alperen Sengun,alperen sengun,NBA,NBA,rebounds,8.5,f7423c2c-fcdb-4cf3-8908-281079858b9c,131448,HOU,NOP,1
Underdog,Alperen Sengun,alperen sengun,NBA,NBA,assists,5.5,47e6fb7a-7a98-4d38-936f-cfe995efbd60,131448,HOU,NOP,1
Underdog,Alperen Sengun,alperen sengun,NBA,NBA,points,0.5,ad9e9fe0-93d4-446e-afdf-055ae4249873,131448,HOU,NOP,1
Underdog,Alperen Sengun,alperen sengun,NBA,NBA,points,15.5,dd68f8ef-be59-487f-849f-4b79121206a8,131448,HOU,NOP,1
Underdog,Alperen Sengun,alperen sengun,NBA,NBA,points,28.5,91907e5a-0162-4a51-84ce-5bb9feb6720d,131448,HOU,NOP,1
Underdog,Alperen Sengun,alperen sengun,NBA,NBA,points,25.5,f5ad926f-304c-4228-9eb7-91771e8e7bcd,131448,HOU,NOP,1
Underdog,Alperen Sengun,alperen sengun,NBA,NBA,points,0.5,1fe0b46d-11d1-408a-be04-6ec623f607d2,131448,HOU,NOP,1
Underdog,Alperen Sengun,alperen sengun,NBA,NBA,points,0.5,2d860102-6cc0-4606-b677-6dd9d8656341,131448,HOU,NOP,0
Underdog,Alperen Sengun,alperen sengun,NBA,NBA,points,4.5,dbbf67cf-17d2-4f28-8caf-bb85ed6b6b12,131448,HOU,NOP,1
Underdog,Alperen Sengun,alperen sengun,NBA,NBA,points,2.5,54b7b5f3-80dc-4419-9d5e-940f36bd1b99,131448,HOU,NOP,1
Underdog,Alperen Sengun,alperen sengun,NBA,NBA,turnovers,2.5,140952d5-65b1-4bb4-b481-bed25b405df2,131448,HOU,NOP,1
Underdog,Alperen Sengun,alperen sengun,NBA,NBA,blocks,1.5,d57d043c-aa25-4ea8-a220-7f86aa82c3d7,131448,HOU,NOP,1
Underdog,Alperen Sengun,alperen sengun,NBA,NBA,points,2.5,2cae431c-45a7-4ea8-bbf3-638db663ee8e,131448,HOU,NOP,1
Underdog,Alperen Sengun,alperen sengun,NBA,NBA,points,14.5,7e1b899a-8dc1-4747-b21a-b4a9e857c442,131448,HOU,NOP,1
Underdog,Jabari Smith Jr.,jabari smith jr.,NBA,NBA,points,15.5,a707fab8-14d7-495b-91a5-ed22348aab97,131448,HOU,NOP,1
Underdog,Dejounte Murray,dejounte murray,NBA,NBA,points,15.5,7b1e6a01-4c5b-4057-954b-bdf049451dd2,131448,NOP,HOU,1
Underdog,Jabari Smith Jr.,jabari smith jr.,NBA,NBA,points,24.5,3964f3c0-81f7-4867-a4e0-bdff0d9f75bf,131448,HOU,NOP,1
Underdog,Dejounte Murray,dejounte murray,NBA,NBA,points,27.5,1bd7de4c-eb87-495d-95a3-7c0dffa28acd,131448,NOP,HOU,1
Underdog,Jabari Smith Jr.,jabari smith jr.,NBA,NBA,rebounds,7.5,0538449e-d988-4138-b5ab-6374a16a0cba,131448,HOU,NOP,1
Underdog,Dejounte Murray,dejounte murray,NBA,NBA,rebounds,4.5,668b1279-b64e-4093-9b2f-b0b7d9b7db6e,131448,NOP,HOU,1
Underdog,Dejounte Murray,dejounte murray,NBA,NBA,assists,6.5,56dd6e95-2f5d-4f6f-afc3-54fd2ac6c1b9,131448,NOP,HOU,1
Underdog,Dejounte Murray,dejounte murray,NBA,NBA,points,1.5,1617bc35-e4ec-4763-84dc-417ee7ed5ec7,131448,NOP,HOU,1
Underdog,Jabari Smith Jr.,jabari smith jr.,NBA,NBA,points,2.5,a657fbaf-8af0-41a8-8598-c09af7fc1f82,131448,HOU,NOP,1
Underdog,Jabari Smith Jr.,jabari smith jr.,NBA,NBA,points,9.5,15751616-8765-466e-b059-55d9a0e91fc5,131448,HOU,NOP,1
Underdog,Dejounte Murray,dejounte murray,NBA,NBA,points,11.5,4ff2d6dc-a36e-4fb5-b8b6-542b30c93692,131448,NOP,HOU,1
Underdog,Dejounte Murray,dejounte murray,NBA,NBA,points,20.5,9baec6c5-ed76-431b-9897-2a86973af82a,131448,NOP,HOU,1
Underdog,Jabari Smith Jr.,jabari smith jr.,NBA,NBA,points,22.5,c9dcb54e-6d3d-411b-8a49-4bccf158c80e,131448,HOU,NOP,1
Underdog,Dejounte Murray,dejounte murray,NBA,NBA,points,22.5,8fb42bc8-fe71-45bb-b8ef-e3ccc273a509,131448,NOP,HOU,1
Underdog,Jabari Smith Jr.,jabari smith jr.,NBA,NBA,points,0.5,e9f03928-201b-4c41-8f4a-b43b23f79817,131448,HOU,NOP,1
Underdog,Dejounte Murray,dejounte murray,NBA,NBA,points,0.5,8642520f-1f45-4a43-9ab6-b99bc498158d,131448,NOP,HOU,0
Underdog,Dejounte Murray,dejounte murray,NBA,NBA,points,3.5,0a760036-e476-455e-8337-4a5d71079312,131448,NOP,HOU,1
Underdog,Jabari Smith Jr.,jabari smith jr.,NBA,NBA,points,3.5,cd97fe6b-cbe9-4567-9560-a0291452d6d7,131448,HOU,NOP,1
Underdog,Jabari Smith Jr.,jabari smith jr.,NBA,NBA,points,1.5,1e6f7102-6a95-4395-b09a-5f87b07c13c0,131448,HOU,NOP,1
Underdog,Dejounte Murray,dejounte murray,NBA,NBA,points,1.5,4db64f5e-5bce-41f4-a877-426c8a4fcf67,131448,NOP,HOU,1
Underdog,Dejounte Murray,dejounte murray,NBA,NBA,turnovers,2.5,2ec0f0b0-79aa-4d69-818d-30e90670998f,131448,NOP,HOU,1
Underdog,Dejounte Murray,dejounte murray,NBA,NBA,steals,1.5,ec995d90-59a4-43f6-bfe1-f6785727abca,131448,NOP,HOU,1
Underdog,Dejounte Murray,dejounte murray,NBA,NBA,points,4.5,23e40064-4f60-404e-8889-5777b42971bb,131448,NOP,HOU,1
Underdog,Dejounte Murray,dejounte murray,NBA,NBA,points,14.5,fb8018aa-4f38-4b00-94d7-4653cd526a2c,131448,NOP,HOU,1
Underdog,Jabari Smith Jr.,jabari smith jr.,NBA,NBA,points,6.5,453b3bae-b832-499e-abae-89eb6da3fd98,131448,HOU,NOP,1
Underdog,Reed Sheppard,reed sheppard,NBA,NBA,points,14.5,35982b1c-c657-491a-bbed-b3bcb0963c4e,131448,HOU,NOP,1
Underdog,Reed Sheppard,reed sheppard,NBA,NBA,points,22.5,a4c28174-a9f8-4d97-8d89-09ca0ebfe8e2,131448,HOU,NOP,1
Underdog,Reed Sheppard,reed sheppard,NBA,NBA,rebounds,3.5,841e54f4-6702-4d88-825f-77355f424b7b,131448,HOU,NOP,1
Underdog,Reed Sheppard,reed sheppard,NBA,NBA,assists,4.5,67867bbd-e698-4f4d-a2bf-54bc41578bba,131448,HOU,NOP,1
Underdog,Reed Sheppard,reed sheppard,NBA,NBA,points,3.5,befd783c-2ff1-4902-a1fd-f7e503958e1f,131448,HOU,NOP,1
Underdog,Reed Sheppard,reed sheppard,NBA,NBA,points,8.5,42ce0dc8-491b-4d1c-9014-f126ce9fa0b2,131448,HOU,NOP,1
Underdog,Reed Sheppard,reed sheppard,NBA,NBA,points,19.5,1bf943ab-8d9d-4158-bbc7-e8a33dd4cd9d,131448,HOU,NOP,1
Underdog,Reed Sheppard,reed sheppard,NBA,NBA,points,3.5,b2e769b4-635f-421a-93d5-60921f44d099,131448,HOU,NOP,1
Underdog,Reed Sheppard,reed sheppard,NBA,NBA,steals,1.5,17930dd8-812a-46a4-93c3-8a737fbc3847,131448,HOU,NOP,1
Underdog,Reed Sheppard,reed sheppard,NBA,NBA,points,2.5,79993a22-0f7c-40d8-a281-9f6063facebc,131448,HOU,NOP,1
Underdog,Reed Sheppard,reed sheppard,NBA,NBA,points,8.5,66ceeed3-2600-4107-b8a7-344ad4ff01b1,131448,HOU,NOP,1
Underdog,Trey Murphy III,trey murphy iii,NBA,NBA,points,20.5,839cb95f-630a-4e6b-8050-6973dd09c0d1,131448,NOP,HOU,1
Underdog,Amen Thompson,amen thompson,NBA,NBA,points,17.5,3591a046-7d56-43ca-a665-fb1391d89c9f,131448,HOU,NOP,1
Underdog,Amen Thompson,amen thompson,NBA,NBA,points,30.5,9217537c-8863-4e96-88b6-e465eee857f3,131448,HOU,NOP,1
Underdog,Trey Murphy III,trey murphy iii,NBA,NBA,points,29.5,23f9a718-f07a-40be-9235-04bd1a9a6973,131448,NOP,HOU,1
Underdog,Trey Murphy III,trey murphy iii,NBA,NBA,rebounds,4.5,f7ae74a2-7e6b-42c1-b7ae-d4752a10da95,131448,NOP,HOU,1
Underdog,Amen Thompson,amen thompson,NBA,NBA,rebounds,7.5,5622599c-6399-43ca-94aa-cc09fbdd9e70,131448,HOU,NOP,1
Underdog,Trey Murphy III,trey murphy iii,NBA,NBA,assists,3.5,6d530358-b149-4378-a45c-d0fd71541361,131448,NOP,HOU,1
Underdog,Amen Thompson,amen thompson,NBA,NBA,assists,4.5,3c267808-ea54-4dc3-b13e-a14dc3a83df2,131448,HOU,NOP,1
Underdog,Amen Thompson,amen thompson,NBA,NBA,points,0.5,bb9380a2-db93-41b3-aa2e-8d1cf2111989,131448,HOU,NOP,1
Underdog,Trey Murphy III,trey murphy iii,NBA,NBA,points,3.5,ad593e20-b8e9-499d-ad81-cb54793b85bf,131448,NOP,HOU,1
Underdog,Trey Murphy III,trey murphy iii,NBA,NBA,points,8.5,d866f010-1775-4527-a717-6a14a77f1a56,131448,NOP,HOU,1
Underdog,Amen Thompson,amen thompson,NBA,NBA,points,12.5,41ee152b-d07d-4238-9553-cc362b93c34b,131448,HOU,NOP,1
Underdog,Amen Thompson,amen thompson,NBA,NBA,points,25.5,5781cd09-daf6-45dc-b350-da72d43cea85,131448,HOU,NOP,1
Underdog,Trey Murphy III,trey murphy iii,NBA,NBA,points,25.5,d0cb1b61-934d-4ed6-8f3d-b822108b306b,131448,NOP,HOU,1
Underdog,Trey Murphy III,trey murphy iii,NBA,NBA,points,24.5,9205c41c-37c5-4b84-8787-dc7a3657d2f2,131448,NOP,HOU,1
Underdog,Amen Thompson,amen thompson,NBA,NBA,points,22.5,199ceb58-e4fc-4b90-8601-71e76e0576b5,131448,HOU,NOP,1
Underdog,Amen Thompson,amen thompson,NBA,NBA,points,0.5,d4ff73ce-4e09-4d08-8a01-f2c338d2bbf5,131448,HOU,NOP,1
Underdog,Trey Murphy III,trey murphy iii,NBA,NBA,points,0.5,516857b5-0f96-4e9a-b4d9-db800f47479d,131448,NOP,HOU,0
Underdog,Trey Murphy III,trey murphy iii,NBA,NBA,points,5.5,8567d2ab-ce8d-4d9b-9523-7519dff767c2,131448,NOP,HOU,1
Underdog,Amen Thompson,amen thompson,NBA,NBA,points,4.5,74d41cb7-d471-42a0-9411-390d932aa10b,131448,HOU,NOP,1
Underdog,Amen Thompson,amen thompson,NBA,NBA,points,1.5,c5bfbdde-1c21-4073-9b83-e60553a3bcd1,131448,HOU,NOP,1
Underdog,Trey Murphy III,trey murphy iii,NBA,NBA,points,1.5,68f02418-b5a6-42f5-a3ec-2adf1985e16c,131448,NOP,HOU,1
Underdog,Amen Thompson,amen thompson,NBA,NBA,turnovers,2.5,f71a3862-4342-471f-ae88-504225b2d93b,131448,HOU,NOP,1
Underdog,Trey Murphy III,trey murphy iii,NBA,NBA,steals,1.5,b95653ae-3a53-4a0b-92c7-1af94ba9167e,131448,NOP,HOU,1
Underdog,Amen Thompson,amen thompson,NBA,NBA,steals,1.5,dcaa15b4-f86d-44db-a31e-036f8ef5c37b,131448,HOU,NOP,1
Underdog,Amen Thompson,amen thompson,NBA,NBA,points,2.5,f56aa950-a4f6-4ae0-be57-437e154762de,131448,HOU,NOP,1
Underdog,Trey Murphy III,trey murphy iii,NBA,NBA,points,9.5,9794e6d6-6dc5-421e-82a0-2c4b9cea4f5f,131448,NOP,HOU,1
Underdog,Trey Murphy III,trey murphy iii,NBA,NBA,points,15.5,b759d8eb-426c-4d81-8743-9ee23552124c,131448,NOP,HOU,1
Underdog,Tari Eason,tari eason,NBA,NBA,points,9.5,7b733ffa-2d07-4da8-b648-209608027908,131448,HOU,NOP,1
Underdog,Herb Jones,herb jones,NBA,NBA,points,9.5,19c16e5d-4f93-41c1-907e-9d043f31e4fa,131448,NOP,HOU,1
Underdog,Tari Eason,tari eason,NBA,NBA,points,17.5,2bf1d44f-4e3e-4af7-be2b-b2ad8e86cc49,131448,HOU,NOP,1
Underdog,Herb Jones,herb jones,NBA,NBA,points,15.5,36705202-4902-48ef-8185-d65dcd354e5d,131448,NOP,HOU,1
Underdog,Tari Eason,tari eason,NBA,NBA,rebounds,5.5,b7881d91-d992-4bc1-a326-629c2cc16c60,131448,HOU,NOP,1
Underdog,Herb Jones,herb jones,NBA,NBA,rebounds,2.5,ad88fccf-fb0a-4769-85e4-bf24b35a9d20,131448,NOP,HOU,1
Underdog,Herb Jones,herb jones,NBA,NBA,assists,2.5,353ec2a8-4673-41a1-9729-7ee4c45216cb,131448,NOP,HOU,1
Underdog,Herb Jones,herb jones,NBA,NBA,points,1.5,4429d2d5-2836-4fd5-be11-20cb07ddc060,131448,NOP,HOU,1
Underdog,Tari Eason,tari eason,NBA,NBA,points,1.5,a2b649f4-6d54-45c4-833c-6e0f4b9dc9f0,131448,HOU,NOP,1
Underdog,Tari Eason,tari eason,NBA,NBA,points,7.5,2784c305-b7d1-4497-87a4-02fc4944cbdd,131448,HOU,NOP,1
Underdog,Tari Eason,tari eason,NBA,NBA,points,0.5,87d7ddd5-6776-465a-9a4d-ab55bf43c373,131448,HOU,NOP,0
Underdog,Tari Eason,tari eason,NBA,NBA,points,1.5,aa94b17c-2f0a-4f82-a756-6b471df79478,131448,HOU,NOP,1
Underdog,Herb Jones,herb jones,NBA,NBA,steals,1.5,74cae917-f614-4615-a52b-6478216b61c3,131448,NOP,HOU,1
Underdog,Herb Jones,herb jones,NBA,NBA,points,2.5,f84e5a76-5488-4398-9909-3c9770b02336,131448,NOP,HOU,1
Underdog,Herb Jones,herb jones,NBA,NBA,points,4.5,1df4625a-f7f4-4252-bc0e-f4b103aa8b4d,131448,NOP,HOU,1
Underdog,Saddiq Bey,saddiq bey,NBA,NBA,points,18.5,ed9c8dc8-c258-47b3-b210-2ca696aa47bd,131448,NOP,HOU,1
Underdog,Saddiq Bey,saddiq bey,NBA,NBA,points,26.5,8e52dd33-4273-42b2-9d03-c846b5bc7f6a,131448,NOP,HOU,1
Underdog,Saddiq Bey,saddiq bey,NBA,NBA,rebounds,4.5,b958d774-8dba-470a-9cf7-bee65cabce8a,131448,NOP,HOU,1
Underdog,Saddiq Bey,saddiq bey,NBA,NBA,assists,2.5,88453367-e00b-4db2-b756-944feda9e592,131448,NOP,HOU,1
Underdog,Saddiq Bey,saddiq bey,NBA,NBA,points,2.5,072fd0fa-bd4c-47f1-a9f0-fc5c6a00903a,131448,NOP,HOU,1
Underdog,Saddiq Bey,saddiq bey,NBA,NBA,points,7.5,1d3401e8-9d21-4e82-8591-b73888338ead,131448,NOP,HOU,1
Underdog,Saddiq Bey,saddiq bey,NBA,NBA,points,23.5,f93bd8d9-a2d7-4f0d-90e6-e7b3de025cb5,131448,NOP,HOU,1
Underdog,Saddiq Bey,saddiq bey,NBA,NBA,points,21.5,75e27b07-be54-461e-a3b0-dd900476309c,131448,NOP,HOU,1
Underdog,Saddiq Bey,saddiq bey,NBA,NBA,points,0.5,4b02b406-d15c-4736-b5ed-dbbad95d736a,131448,NOP,HOU,0
Underdog,Saddiq Bey,saddiq bey,NBA,NBA,points,4.5,811cf310-9521-4a68-86a7-cad91ac5d47a,131448,NOP,HOU,1
Underdog,Saddiq Bey,saddiq bey,NBA,NBA,points,1.5,f3aacd8f-c3df-4000-869e-45e6d56f7ffc,131448,NOP,HOU,1
Underdog,Saddiq Bey,saddiq bey,NBA,NBA,steals,1.5,fcb332da-b853-4de3-b751-f95fdedd19b8,131448,NOP,HOU,1
Underdog,Saddiq Bey,saddiq bey,NBA,NBA,points,6.5,e85d0e0c-a0a6-4473-a0e6-f1fb5b1f9ad3,131448,NOP,HOU,1
Underdog,Saddiq Bey,saddiq bey,NBA,NBA,points,14.5,8ff7530d-35d1-4a36-b6f1-cc77847cffda,131448,NOP,HOU,1
Underdog,Nikola Jokic,nikola jokic,NBA,NBA,points,25.5,c4bff14a-3d72-429e-9ad1-987f4c15824c,131450,DEN,GSW,1
Underdog,Nikola Jokic,nikola jokic,NBA,NBA,points,50.5,77ed3e33-14e7-4948-9d59-b7dc86a52d77,131450,DEN,GSW,1
Underdog,Nikola Jokic,nikola jokic,NBA,NBA,rebounds,13.5,bb9fada9-7974-4097-be13-98fa0530eb73,131450,DEN,GSW,1
Underdog,Nikola Jokic,nikola jokic,NBA,NBA,assists,11.5,fc9f10ae-bc03-43e0-a387-5912040a38c0,131450,DEN,GSW,1
Underdog,Nikola Jokic,nikola jokic,NBA,NBA,points,1.5,9d728ead-b654-4225-828d-7b1876f47b3f,131450,DEN,GSW,1
Underdog,Nikola Jokic,nikola jokic,NBA,NBA,points,24.5,48855b5f-cf66-42d1-bc2b-7bd27276dd67,131450,DEN,GSW,1
Underdog,Nikola Jokic,nikola jokic,NBA,NBA,points,38.5,e24024b7-1f90-4922-90cb-4e4ee4311692,131450,DEN,GSW,1
Underdog,Nikola Jokic,nikola jokic,NBA,NBA,points,36.5,3248005c-21dc-4e63-96af-794663f5de25,131450,DEN,GSW,1
Underdog,Nikola Jokic,nikola jokic,NBA,NBA,points,0.5,1f6a00d1-a295-4941-af92-595db4843375,131450,DEN,GSW,0
Underdog,Nikola Jokic,nikola jokic,NBA,NBA,points,0.5,fe377ec6-8602-4c6c-8ad8-bf0dddf8bca3,131450,DEN,GSW,0
Underdog,Nikola Jokic,nikola jokic,NBA,NBA,points,7.5,deca7d48-3f6c-4f17-a1cb-087a8ee05827,131450,DEN,GSW,1
Underdog,Nikola Jokic,nikola jokic,NBA,NBA,points,4.5,4e3a0ddd-4a68-4ba4-a117-e5a99548a00a,131450,DEN,GSW,1
Underdog,Nikola Jokic,nikola jokic,NBA,NBA,points,3.5,a6e25a99-fc92-4112-9baa-a253b912cdec,131450,DEN,GSW,1
Underdog,Nikola Jokic,nikola jokic,NBA,NBA,turnovers,3.5,b4381431-2e47-4c7a-a905-1e47a65bf7ab,131450,DEN,GSW,1
Underdog,Nikola Jokic,nikola jokic,NBA,NBA,steals,1.5,8a808d66-6b33-4446-a7db-69610d182bff,131450,DEN,GSW,1
Underdog,Nikola Jokic,nikola jokic,NBA,NBA,points,2.5,7baf506c-604a-4295-94ce-b6991d14e970,131450,DEN,GSW,1
Underdog,Nikola Jokic,nikola jokic,NBA,NBA,points,15.5,6b2f22c1-db0e-4bfa-970f-31a059123ab6,131450,DEN,GSW,1
Underdog,Jamal Murray,jamal murray,NBA,NBA,points,22.5,f410d451-c614-4ce9-9627-8baa7b9e2e1c,131450,DEN,GSW,1
Underdog,Jamal Murray,jamal murray,NBA,NBA,points,33.5,cc7dbcf0-1d56-492b-9ca7-daf0e3cebf89,131450,DEN,GSW,1
Underdog,Jamal Murray,jamal murray,NBA,NBA,rebounds,3.5,68b018bb-5c0b-4728-b111-5afce6e0120c,131450,DEN,GSW,1
Underdog,Jamal Murray,jamal murray,NBA,NBA,assists,6.5,e7f1490f-a80e-45c7-b70b-ef0853f700d3,131450,DEN,GSW,1
Underdog,Jamal Murray,jamal murray,NBA,NBA,points,2.5,0a9403f8-9a38-4f4c-b043-23ef698ae500,131450,DEN,GSW,1
Underdog,Jamal Murray,jamal murray,NBA,NBA,points,10.5,aa306ff2-f398-4185-8658-d8e250d0bc6e,131450,DEN,GSW,1
Underdog,Jamal Murray,jamal murray,NBA,NBA,points,27.5,b06419bc-9a05-4934-9ce1-6006627a89d2,131450,DEN,GSW,1
Underdog,Jamal Murray,jamal murray,NBA,NBA,points,29.5,499f2961-5800-4a6c-a14b-37518b8e7140,131450,DEN,GSW,1
Underdog,Jamal Murray,jamal murray,NBA,NBA,points,0.5,5c2f6197-2f7e-4fab-86c9-0cc1641a0da2,131450,DEN,GSW,0
Underdog,Jamal Murray,jamal murray,NBA,NBA,points,6.5,803cc1b1-fdb2-4843-834f-7eed4c50e1a6,131450,DEN,GSW,1
Underdog,Jamal Murray,jamal murray,NBA,NBA,points,1.5,52bf0203-ebe7-4bb4-8276-528fecaf0921,131450,DEN,GSW,1
Underdog,Jamal Murray,jamal murray,NBA,NBA,turnovers,2.5,7a9551af-b9eb-464d-b746-f48b87731e2d,131450,DEN,GSW,1
Underdog,Jamal Murray,jamal murray,NBA,NBA,points,7.5,608ed11b-3e75-4a17-951b-bf60968619d7,131450,DEN,GSW,1
Underdog,Jamal Murray,jamal murray,NBA,NBA,points,16.5,7bbc66f8-32d4-4985-a9ed-c534dcf3b984,131450,DEN,GSW,1
Underdog,Draymond Green,draymond green,NBA,NBA,points,7.5,76b5fd4f-3db4-45d2-8d34-f1b17317f6ac,131450,GSW,DEN,1
Underdog,Kristaps Porzingis,kristaps porzingis,NBA,NBA,points,17.5,0466bf9e-aa67-4906-a1b5-fc1d3dc842b0,131450,GSW,DEN,1
Underdog,Kristaps Porzingis,kristaps porzingis,NBA,NBA,points,25.5,8c5d5561-c2d3-4abc-9188-e6d05a9340e7,131450,GSW,DEN,1
Underdog,Draymond Green,draymond green,NBA,NBA,points,18.5,4f75a033-5f37-4a30-a012-fcebdb938edf,131450,GSW,DEN,1
Underdog,Draymond Green,draymond green,NBA,NBA,rebounds,4.5,482d2045-3846-4816-8407-400955fe8f13,131450,GSW,DEN,1
Underdog,Kristaps Porzingis,kristaps porzingis,NBA,NBA,rebounds,5.5,40f23a5b-2f52-4108-954d-c17e80cf6969,131450,GSW,DEN,1
Underdog,Kristaps Porzingis,kristaps porzingis,NBA,NBA,assists,2.5,31daf03a-c535-43ca-b830-2a3b9fe6a210,131450,GSW,DEN,1
Underdog,Draymond Green,draymond green,NBA,NBA,assists,5.5,df4bac6b-e4d4-4727-a72f-2d910e59de64,131450,GSW,DEN,1
Underdog,Draymond Green,draymond green,NBA,NBA,points,1.5,b0d9b9b6-6451-44c0-812b-909341971eac,131450,GSW,DEN,1
Underdog,Kristaps Porzingis,kristaps porzingis,NBA,NBA,points,1.5,880c964b-9c7b-4a4e-bb8e-eb8eb555ad5e,131450,GSW,DEN,1
Underdog,Draymond Green,draymond green,NBA,NBA,points,10.5,6d28ccff-c045-4ff3-9a96-b945a5caa8bd,131450,GSW,DEN,1
Underdog,Kristaps Porzingis,kristaps porzingis,NBA,NBA,points,7.5,632b0428-97fe-44d8-b646-59a69bd84256,131450,GSW,DEN,1
Underdog,Kristaps Porzingis,kristaps porzingis,NBA,NBA,points,23.5,3251b9ef-0220-4850-9d76-4b030124c051,131450,GSW,DEN,1
Underdog,Kristaps Porzingis,kristaps porzingis,NBA,NBA,points,20.5,b1f6ed90-8c0a-4314-8dfa-284fbbc83db3,131450,GSW,DEN,1
Underdog,Kristaps Porzingis,kristaps porzingis,NBA,NBA,points,0.5,019da4cb-a542-4053-8927-8c5aa7a812aa,131450,GSW,DEN,0
Underdog,Draymond Green,draymond green,NBA,NBA,points,0.5,1fabca91-2bcb-4a67-9c4e-f76624fba617,131450,GSW,DEN,0
Underdog,Kristaps Porzingis,kristaps porzingis,NBA,NBA,points,4.5,62c605fc-1ea3-4816-89b4-5f6d2dd54557,131450,GSW,DEN,1
Underdog,Kristaps Porzingis,kristaps porzingis,NBA,NBA,points,1.5,a6066fa4-bace-4101-9b9d-745ddead0d92,131450,GSW,DEN,1
Underdog,Draymond Green,draymond green,NBA,NBA,points,1.5,07cab244-5dfd-4b9f-a5f0-7239b07242cf,131450,GSW,DEN,1
Underdog,Kristaps Porzingis,kristaps porzingis,NBA,NBA,blocks,1.5,9478bda6-75dc-4026-b089-956a4b3ae648,131450,GSW,DEN,1
Underdog,Kristaps Porzingis,kristaps porzingis,NBA,NBA,points,5.5,f09bbd47-bdee-43d4-b890-438054d6a810,131450,GSW,DEN,1
Underdog,Draymond Green,draymond green,NBA,NBA,points,4.5,742f8e60-2ef0-4f13-8613-3d3f4415c9a0,131450,GSW,DEN,1
Underdog,Brandin Podziemski,brandin podziemski,NBA,NBA,points,15.5,4ca889e8-7ef8-49a0-a737-216f024cecde,131450,GSW,DEN,1
Underdog,Aaron Gordon,aaron gordon,NBA,NBA,points,14.5,bcf29aa8-4ad5-402a-a3c6-5ca2191c6332,131450,DEN,GSW,1
Underdog,Brandin Podziemski,brandin podziemski,NBA,NBA,points,25.5,79b7e4a0-91f2-4062-96b0-ce980a64c622,131450,GSW,DEN,1
Underdog,Aaron Gordon,aaron gordon,NBA,NBA,points,21.5,44705a05-9456-43d5-a282-53bd643fbcfc,131450,DEN,GSW,1
Underdog,Brandin Podziemski,brandin podziemski,NBA,NBA,rebounds,5.5,13161eb4-e03e-48c5-bdc2-00c215c89dfb,131450,GSW,DEN,1
Underdog,Aaron Gordon,aaron gordon,NBA,NBA,rebounds,5.5,057289fa-b291-4002-b2ce-21ff9ca4c97d,131450,DEN,GSW,1
Underdog,Brandin Podziemski,brandin podziemski,NBA,NBA,assists,4.5,9676cd64-1672-4fc6-901b-ca82ea8a3283,131450,GSW,DEN,1
Underdog,Aaron Gordon,aaron gordon,NBA,NBA,assists,2.5,7b47fda4-3255-4a4a-88a4-fe9f99fdb7c9,131450,DEN,GSW,1
Underdog,Aaron Gordon,aaron gordon,NBA,NBA,points,1.5,f4f12d45-906e-4f2a-90d7-80cad112811b,131450,DEN,GSW,1
Underdog,Brandin Podziemski,brandin podziemski,NBA,NBA,points,2.5,0828ce13-0cea-4b07-9148-ad9eda3fdd54,131450,GSW,DEN,1
Underdog,Aaron Gordon,aaron gordon,NBA,NBA,points,7.5,d1c6da3b-52c8-4a6c-8722-77a147b46cd9,131450,DEN,GSW,1
Underdog,Brandin Podziemski,brandin podziemski,NBA,NBA,points,10.5,1ddad6c8-eb9e-4ce5-be37-3f0e914689e2,131450,GSW,DEN,1
Underdog,Brandin Podziemski,brandin podziemski,NBA,NBA,points,21.5,54a806b3-5e3f-46d1-ac07-81e3e254b50b,131450,GSW,DEN,1
Underdog,Aaron Gordon,aaron gordon,NBA,NBA,points,19.5,cd487e5b-89aa-451b-8048-ce1d7728fef5,131450,DEN,GSW,1
Underdog,Brandin Podziemski,brandin podziemski,NBA,NBA,points,19.5,7b81b54e-e31d-44f3-902a-1e0e35ba1243,131450,GSW,DEN,1
Underdog,Aaron Gordon,aaron gordon,NBA,NBA,points,0.5,d3b417ac-4afb-47f4-a54d-9d035db33c96,131450,DEN,GSW,0
Underdog,Brandin Podziemski,brandin podziemski,NBA,NBA,points,0.5,aaba8115-53dd-472d-bdf6-602d7cf3eee1,131450,GSW,DEN,0
Underdog,Aaron Gordon,aaron gordon,NBA,NBA,points,4.5,4b3e0271-7caf-43d7-88d4-52d03516c039,131450,DEN,GSW,1
Underdog,Brandin Podziemski,brandin podziemski,NBA,NBA,points,3.5,00f01a75-0709-494a-9ab8-03c31741eb5e,131450,GSW,DEN,1
Underdog,Brandin Podziemski,brandin podziemski,NBA,NBA,points,1.5,fa5767b0-466e-4c62-b7cc-888618435426,131450,GSW,DEN,1
Underdog,Aaron Gordon,aaron gordon,NBA,NBA,points,1.5,a783d37f-78dd-4bfc-a6b2-568d3c7252f6,131450,DEN,GSW,1
Underdog,Brandin Podziemski,brandin podziemski,NBA,NBA,points,6.5,94fb6ddd-0f90-4ab6-a0db-ba52a0f28f59,131450,GSW,DEN,1
Underdog,Cam Johnson,cam johnson,NBA,NBA,points,10.5,10b0cc03-dca6-499d-a4ff-00a4b1db8434,131450,DEN,GSW,1
Underdog,Cam Johnson,cam johnson,NBA,NBA,points,16.5,27f34b1d-5ff7-48a8-96c5-41f7b920b0af,131450,DEN,GSW,1
Underdog,Cam Johnson,cam johnson,NBA,NBA,rebounds,3.5,8053de8e-3757-4e94-9114-81f96857d85d,131450,DEN,GSW,1
Underdog,Cam Johnson,cam johnson,NBA,NBA,assists,2.5,b960b8ca-b31a-414e-a98c-4b48d8616138,131450,DEN,GSW,1
Underdog,Cam Johnson,cam johnson,NBA,NBA,points,1.5,3d2932bf-101a-48e6-98ff-107946e05a50,131450,DEN,GSW,1
Underdog,Cam Johnson,cam johnson,NBA,NBA,points,4.5,12b72189-915b-4515-a9e9-3a32b98ac40d,131450,DEN,GSW,1
Underdog,Christian Braun,christian braun,NBA,NBA,points,11.5,0ed8796e-2e9f-489f-bf58-033e0f8c5311,131450,DEN,GSW,1
Underdog,Christian Braun,christian braun,NBA,NBA,points,17.5,c3a95358-b1f2-49e5-8541-fb4a479196fb,131450,DEN,GSW,1
Underdog,Christian Braun,christian braun,NBA,NBA,rebounds,4.5,d4fdda09-a75e-4d96-b680-707f3752edea,131450,DEN,GSW,1
Underdog,Christian Braun,christian braun,NBA,NBA,points,1.5,b04bff4b-dd60-4931-819b-a46024c3b60b,131450,DEN,GSW,1
Underdog,Christian Braun,christian braun,NBA,NBA,points,3.5,18794025-a4a7-4d1a-95c4-4245181b7166,131450,DEN,GSW,1
Underdog,Christian Braun,christian braun,NBA,NBA,points,1.5,755dad26-4a97-4266-9f55-f82fe81c4dc7,131450,DEN,GSW,1
Underdog,De'Anthony Melton,de'anthony melton,NBA,NBA,points,15.5,f5304682-eca2-4df6-86c7-a3f7f242e84c,131450,GSW,DEN,1
Underdog,De'Anthony Melton,de'anthony melton,NBA,NBA,points,21.5,278b0a74-8a30-495c-8408-5610510d3e19,131450,GSW,DEN,1
Underdog,De'Anthony Melton,de'anthony melton,NBA,NBA,rebounds,3.5,3b5f6af9-f164-4806-8329-fca7b91b8f78,131450,GSW,DEN,1
Underdog,De'Anthony Melton,de'anthony melton,NBA,NBA,assists,2.5,d9ff7ecb-0b30-42b2-b98d-434ba111b5ae,131450,GSW,DEN,1
Underdog,De'Anthony Melton,de'anthony melton,NBA,NBA,points,1.5,bdf9677c-849a-493d-ae75-ea34455f321c,131450,GSW,DEN,1
Underdog,De'Anthony Melton,de'anthony melton,NBA,NBA,points,19.5,82981cf6-ff58-41fc-854e-f4d11eb5ebfc,131450,GSW,DEN,1
Underdog,De'Anthony Melton,de'anthony melton,NBA,NBA,points,4.5,14e80d64-e1f9-4129-8450-e7abe78423ea,131450,GSW,DEN,1
Underdog,De'Anthony Melton,de'anthony melton,NBA,NBA,points,1.5,8e237bea-27ab-4bf1-b4a6-b527fc0d1fb5,131450,GSW,DEN,1
Underdog,De'Anthony Melton,de'anthony melton,NBA,NBA,steals,1.5,435190b2-dd8c-46f4-9e11-59891b155b97,131450,GSW,DEN,1
Underdog,De'Anthony Melton,de'anthony melton,NBA,NBA,points,5.5,43105f7b-587f-46c8-b2ff-a0f6ba61d915,131450,GSW,DEN,1
Underdog,Gui Santos,gui santos,NBA,NBA,points,16.5,7a117f8a-457c-478c-aef2-3a2ac4ab950c,131450,GSW,DEN,1
Underdog,Gui Santos,gui santos,NBA,NBA,points,24.5,fef6ee78-a94c-474f-9ae7-3ded145e6171,131450,GSW,DEN,1
Underdog,Gui Santos,gui santos,NBA,NBA,rebounds,4.5,9bd72b94-4bfb-4140-bb57-95b6fb18e4e3,131450,GSW,DEN,1
Underdog,Gui Santos,gui santos,NBA,NBA,assists,3.5,af29c99b-0928-41a0-8808-3cb6430d6db7,131450,GSW,DEN,1
Underdog,Gui Santos,gui santos,NBA,NBA,points,1.5,4c10f0a0-dcc2-4497-a024-2dc72e60d507,131450,GSW,DEN,1
Underdog,Gui Santos,gui santos,NBA,NBA,points,8.5,a4aa1b6b-91f7-405c-b756-4d042c5842e8,131450,GSW,DEN,1
Underdog,Gui Santos,gui santos,NBA,NBA,points,20.5,9a150b05-e7d4-4d84-bc8b-e5560b679592,131450,GSW,DEN,1
Underdog,Gui Santos,gui santos,NBA,NBA,points,19.5,e7b559d2-c708-49d7-9c6c-bcdb990ef053,131450,GSW,DEN,1
Underdog,Gui Santos,gui santos,NBA,NBA,points,3.5,8d104664-e4bb-4797-b581-2504a1d192cb,131450,GSW,DEN,1
Underdog,Gui Santos,gui santos,NBA,NBA,points,1.5,96e3c348-7657-4933-bb06-cd1c2cdc0530,131450,GSW,DEN,1
Underdog,Gui Santos,gui santos,NBA,NBA,turnovers,2.5,124fd9b2-eb89-44ec-b773-44ab317dc681,131450,GSW,DEN,1
Underdog,Gui Santos,gui santos,NBA,NBA,steals,1.5,a07f27f2-ead4-4b9c-9995-a761101bbbea,131450,GSW,DEN,1
Underdog,Gui Santos,gui santos,NBA,NBA,points,5.5,d7c6c122-cd65-4d6f-9e67-94bb8871dd20,131450,GSW,DEN,1