Sport,id,player,team,stat,line,league,book,overOdds,underOdds,trueProb,edge,legEv,runTimestamp,gameTime,IsWithin24h,leg_key,leg_label
NBA,prizepicks-10273468-rebounds-4,Donte DiVincenzo,MIN,rebounds,4,NBA,fanduel,-166,130,0.5893794380981784,0.08937943809817839,0.08937943809817839,2026-03-03T20:05:50 ET,2026-03-03T20:10:00.000-05:00,TRUE,prizepicks:donte divincenzo:rebounds:4:over:game,Donte DiVincenzo - Rebounds - 4
NBA,prizepicks-10273451-rebounds-5.5,LaMelo Ball,CHA,rebounds,5.5,NBA,fanduel,-166,124,0.5829675153643546,0.08296751536435465,0.08296751536435465,2026-03-03T20:05:50 ET,2026-03-03T19:10:00.000-05:00,FALSE,prizepicks:lamelo ball:rebounds:5.5:over:game,LaMelo Ball - Rebounds - 5.5
NBA,prizepicks-10273489-assists-4,Ty Jerome,MEM,assists,4,NBA,fanduel,-160,124,0.5795601552393274,0.07956015523932736,0.07956015523932736,2026-03-03T20:05:50 ET,2026-03-03T20:10:00.000-05:00,TRUE,prizepicks:ty jerome:assists:4:over:game,Ty Jerome - Assists - 4
NBA,prizepicks-10273475-rebounds-5,Nique Clifford,SAC,rebounds,5,NBA,fanduel,-156,122,0.5749767565413734,0.07497675654137337,0.07497675654137337,2026-03-03T20:05:50 ET,2026-03-03T23:10:00.000-05:00,TRUE,prizepicks:nique clifford:rebounds:5:over:game,Nique Clifford - Rebounds - 5
NBA,prizepicks-10267096-assists-7,Josh Giddey,CHI,assists,7,NBA,fanduel,-154,120,0.5715249662618084,0.07152496626180838,0.07152496626180838,2026-03-03T20:05:50 ET,2026-03-03T20:12:00.000-05:00,TRUE,prizepicks:josh giddey:assists:7:over:game,Josh Giddey - Assists - 7
NBA,prizepicks-10265253-rebounds-8,Mark Williams,PHX,rebounds,8,NBA,fanduel,-146,114,0.5594871427548169,0.059487142754816924,0.059487142754816924,2026-03-03T20:05:50 ET,2026-03-03T23:10:00.000-05:00,TRUE,prizepicks:mark williams:rebounds:8:over:game,Mark Williams - Rebounds - 8
NBA,prizepicks-10261836-rebounds-4.5,Tobias Harris,DET,rebounds,4.5,NBA,fanduel,-148,112,0.5585303332383936,0.05853033323839363,0.05853033323839363,2026-03-03T20:05:50 ET,2026-03-03T19:10:00.000-05:00,FALSE,prizepicks:tobias harris:rebounds:4.5:over:game,Tobias Harris - Rebounds - 4.5
NBA,prizepicks-10263558-rebounds_assists-8,Austin Reaves,LAL,rebounds_assists,8,NBA,fanduel,-142,112,0.5543606364172068,0.05436063641720679,0.05436063641720679,2026-03-03T20:05:50 ET,2026-03-03T22:40:00.000-05:00,TRUE,prizepicks:austin reaves:rebounds_assists:8:over:game,Austin Reaves - Rebounds Assists - 8
NBA,prizepicks-10267944-rebounds_assists-9,Anthony Edwards,MIN,rebounds_assists,9,NBA,fanduel,-142,112,0.5543606364172068,0.05436063641720679,0.05436063641720679,2026-03-03T20:05:50 ET,2026-03-03T20:10:00.000-05:00,TRUE,prizepicks:anthony edwards:rebounds_assists:9:over:game,Anthony Edwards - Rebounds Assists - 9
NBA,prizepicks-10273467-rebounds-5,Anthony Edwards,MIN,rebounds,5,NBA,fanduel,-142,112,0.5543606364172068,0.05436063641720679,0.05436063641720679,2026-03-03T20:05:50 ET,2026-03-03T20:10:00.000-05:00,TRUE,prizepicks:anthony edwards:rebounds:5:over:game,Anthony Edwards - Rebounds - 5
NBA,prizepicks-10257410-points-10.5,Duncan Robinson,DET,points,10.5,NBA,fanduel,-144,108,0.5510744774801295,0.0510744774801295,0.0510744774801295,2026-03-03T20:05:50 ET,2026-03-03T19:10:00.000-05:00,FALSE,prizepicks:duncan robinson:points:10.5:over:game,Duncan Robinson - Points - 10.5
NBA,prizepicks-10273685-rebounds_assists-8.5,Matas Buzelis,CHI,rebounds_assists,8.5,NBA,fanduel,-144,108,0.5510744774801295,0.0510744774801295,0.0510744774801295,2026-03-03T20:05:50 ET,2026-03-03T20:12:00.000-05:00,TRUE,prizepicks:matas buzelis:rebounds_assists:8.5:over:game,Matas Buzelis - Rebounds Assists - 8.5
NBA,prizepicks-10246476-rebounds_assists-8.5,Jalen Brunson,NYK,rebounds_assists,8.5,NBA,draftkings,-140,110,0.550561797752809,0.050561797752809,0.050561797752809,2026-03-03T20:05:50 ET,2026-03-03T19:10:00.000-05:00,FALSE,prizepicks:jalen brunson:rebounds_assists:8.5:over:game,Jalen Brunson - Rebounds Assists - 8.5
NBA,prizepicks-10285784-rebounds-4,Jaxson Hayes,LAL,rebounds,4,NBA,fanduel,-140,110,0.550561797752809,0.050561797752809,0.050561797752809,2026-03-03T20:05:50 ET,2026-03-03T22:40:00.000-05:00,TRUE,prizepicks:jaxson hayes:rebounds:4:over:game,Jaxson Hayes - Rebounds - 4
NBA,prizepicks-10273696-pra-16.5,Keldon Johnson,SAS,pra,16.5,NBA,draftkings_synth,-121.51162790697678,121.51162790697678,0.5485564304461943,0.04855643044619429,0.04855643044619429,2026-03-03T20:05:50 ET,2026-03-03T20:11:00.000-05:00,TRUE,prizepicks:keldon johnson:pra:16.5:over:game,Keldon Johnson - Pra - 16.5
NBA,prizepicks-10284582-pra-24.5,Kevin Porter,MIL,pra,24.5,NBA,fanduel_synth,-121.33513480316891,121.33513480316891,0.5481964483906769,0.04819644839067694,0.04819644839067694,2026-03-03T20:05:50 ET,2026-03-04T21:40:00.000-05:00,FALSE,prizepicks:kevin porter:pra:24.5:over:game,Kevin Porter - Pra - 24.5
NBA,prizepicks-10284872-pra-20.5,Ryan Rollins,MIL,pra,20.5,NBA,fanduel_synth,-121.33513480316891,121.33513480316891,0.5481964483906769,0.04819644839067694,0.04819644839067694,2026-03-03T20:05:50 ET,2026-03-04T21:40:00.000-05:00,FALSE,prizepicks:ryan rollins:pra:20.5:over:game,Ryan Rollins - Pra - 20.5
NBA,prizepicks-10263698-pra-28.5,Trey Murphy,NOP,pra,28.5,NBA,fanduel_synth,-118.19904300073863,118.19904300073863,0.546793579338796,0.04679357933879602,0.04679357933879602,2026-03-03T20:05:50 ET,2026-03-03T22:40:00.000-05:00,TRUE,prizepicks:trey murphy:pra:28.5:over:game,Trey Murphy - Pra - 28.5
NBA,prizepicks-10273692-rebounds_assists-9,Collin Gillespie,PHX,rebounds_assists,9,NBA,fanduel,-138,108,0.5467012037178121,0.046701203717812056,0.046701203717812056,2026-03-03T20:05:50 ET,2026-03-03T23:10:00.000-05:00,TRUE,prizepicks:collin gillespie:rebounds_assists:9:over:game,Collin Gillespie - Rebounds Assists - 9
NBA,prizepicks-10285725-assists-7,Stephon Castle,SAS,assists,7,NBA,fanduel,-138,108,0.5467012037178121,0.046701203717812056,0.046701203717812056,2026-03-03T20:05:50 ET,2026-03-03T20:11:00.000-05:00,TRUE,prizepicks:stephon castle:assists:7:over:game,Stephon Castle - Assists - 7
NBA,prizepicks-10273693-rebounds_assists-5.5,DeMar DeRozan,SAC,rebounds_assists,5.5,NBA,fanduel,-138,104,0.5418848167539267,0.041884816753926746,0.041884816753926746,2026-03-03T20:05:50 ET,2026-03-03T23:10:00.000-05:00,TRUE,prizepicks:demar derozan:rebounds_assists:5.5:over:game,DeMar DeRozan - Rebounds Assists - 5.5
NBA,prizepicks-10276534-pra-11.5,Luke Kornet,SAS,pra,11.5,NBA,draftkings_synth,-118.10436806880278,118.10436806880278,0.541503909869177,0.04150390986917696,0.04150390986917696,2026-03-03T20:05:50 ET,2026-03-03T20:11:00.000-05:00,TRUE,prizepicks:luke kornet:pra:11.5:over:game,Luke Kornet - Pra - 11.5
NBA,prizepicks-10268438-rebounds_assists-14,Rudy Gobert,MIN,rebounds_assists,14,NBA,fanduel,-132,106,0.5396094618193364,0.039609461819336444,0.039609461819336444,2026-03-03T20:05:50 ET,2026-03-03T20:10:00.000-05:00,TRUE,prizepicks:rudy gobert:rebounds_assists:14:over:game,Rudy Gobert - Rebounds Assists - 14
NBA,prizepicks-10286662-pra-27.5,Derrick White,BOS,pra,27.5,NBA,fanduel_synth,-117.17791411042944,117.17791411042944,0.53954802259887,0.039548022598870025,0.039548022598870025,2026-03-03T20:05:50 ET,2026-03-04T19:40:00.000-05:00,TRUE,prizepicks:derrick white:pra:27.5:over:game,Derrick White - Pra - 27.5
NBA,prizepicks-10276319-pra-23.5,Saddiq Bey,NOP,pra,23.5,NBA,bovada_synth,-116.98113207547169,116.98113207547169,0.5391304347826087,0.03913043478260869,0.03913043478260869,2026-03-03T20:05:50 ET,2026-03-03T22:40:00.000-05:00,TRUE,prizepicks:saddiq bey:pra:23.5:over:game,Saddiq Bey - Pra - 23.5
NBA,prizepicks-10285217-points_rebounds-14.5,Scotty Pippen,MEM,points_rebounds,14.5,NBA,fanduel,-140,100,0.5384615384615384,0.038461538461538436,0.038461538461538436,2026-03-03T20:05:50 ET,2026-03-03T20:10:00.000-05:00,TRUE,prizepicks:scotty pippen:points_rebounds:14.5:over:game,Scotty Pippen - Points Rebounds - 14.5
NBA,prizepicks-10257538-rebounds-8.5,Evan Mobley,CLE,rebounds,8.5,NBA,fanduel,-136,102,0.5379072681704261,0.03790726817042611,0.03790726817042611,2026-03-03T20:05:50 ET,2026-03-03T19:10:00.000-05:00,FALSE,prizepicks:evan mobley:rebounds:8.5:over:game,Evan Mobley - Rebounds - 8.5
NBA,prizepicks-10265715-pra-17.5,Jeremiah Fears,NOP,pra,17.5,NBA,fanduel_synth,-116.25640178423924,116.25640178423924,0.5375859434682965,0.03758594346829647,0.03758594346829647,2026-03-03T20:05:50 ET,2026-03-03T22:40:00.000-05:00,TRUE,prizepicks:jeremiah fears:pra:17.5:over:game,Jeremiah Fears - Pra - 17.5
NBA,prizepicks-10285557-rebounds-7,Josh Giddey,CHI,rebounds,7,NBA,fanduel,-132,104,0.5371848068943506,0.03718480689435055,0.03718480689435055,2026-03-03T20:05:50 ET,2026-03-03T20:12:00.000-05:00,TRUE,prizepicks:josh giddey:rebounds:7:over:game,Josh Giddey - Rebounds - 7
NBA,prizepicks-10242335-pra-17.5,Josh Hart,NYK,pra,17.5,NBA,draftkings_synth,-114.68074409250883,114.68074409250883,0.5341920374707261,0.03419203747072608,0.03419203747072608,2026-03-03T20:05:50 ET,2026-03-03T19:10:00.000-05:00,FALSE,prizepicks:josh hart:pra:17.5:over:game,Josh Hart - Pra - 17.5
NBA,prizepicks-10268358-pra-15.5,Jaylen Wells,MEM,pra,15.5,NBA,draftkings_synth,-114.30480836702644,114.30480836702644,0.533374912294379,0.033374912294379055,0.033374912294379055,2026-03-03T20:05:50 ET,2026-03-03T20:10:00.000-05:00,TRUE,prizepicks:jaylen wells:pra:15.5:over:game,Jaylen Wells - Pra - 15.5
NBA,prizepicks-10242496-pra-20.5,Mikal Bridges,NYK,pra,20.5,NBA,draftkings_synth,-114.22523285351393,114.22523285351393,0.5332015810276679,0.033201581027667904,0.033201581027667904,2026-03-03T20:05:50 ET,2026-03-03T19:10:00.000-05:00,FALSE,prizepicks:mikal bridges:pra:20.5:over:game,Mikal Bridges - Pra - 20.5
NBA,prizepicks-10251676-pra-19,Andre Drummond,PHI,pra,19,NBA,draftkings_synth,-114.18837068443366,114.18837068443366,0.5331212442559208,0.03312124425592078,0.03312124425592078,2026-03-03T20:05:50 ET,2026-03-03T20:11:00.000-05:00,TRUE,prizepicks:andre drummond:pra:19:over:game,Andre Drummond - Pra - 19
NBA,prizepicks-10284566-pra-40,Giannis Antetokounmpo,MIL,pra,40,NBA,fanduel_synth,-118.51744466995268,118.51744466995268,0.5330249903592165,0.033024990359216466,0.033024990359216466,2026-03-03T20:05:50 ET,2026-03-04T21:40:00.000-05:00,FALSE,prizepicks:giannis antetokounmpo:pra:40:over:game,Giannis Antetokounmpo - Pra - 40
NBA,prizepicks-10284268-pra-22.5,Dyson Daniels,ATL,pra,22.5,NBA,fanduel_synth,-114.04953100749043,114.04953100749043,0.5328184110970997,0.03281841109709971,0.03281841109709971,2026-03-03T20:05:50 ET,2026-03-04T21:40:00.000-05:00,FALSE,prizepicks:dyson daniels:pra:22.5:over:game,Dyson Daniels - Pra - 22.5
NBA,prizepicks-10263604-pra-23.5,Dejounte Murray,NOP,pra,23.5,NBA,fanduel_synth,-113.86609946318242,113.86609946318242,0.5324177125266398,0.03241771252663983,0.03241771252663983,2026-03-03T20:05:50 ET,2026-03-03T22:40:00.000-05:00,TRUE,prizepicks:dejounte murray:pra:23.5:over:game,Dejounte Murray - Pra - 23.5
NBA,prizepicks-10261503-points-9.5,Dennis Schröder,CLE,points,9.5,NBA,fanduel,-132,100,0.532258064516129,0.032258064516129004,0.032258064516129004,2026-03-03T20:05:50 ET,2026-03-03T19:10:00.000-05:00,FALSE,prizepicks:dennis schroder:points:9.5:over:game,Dennis Schröder - Points - 9.5
NBA,prizepicks-10284269-rebounds_assists-11.5,Dyson Daniels,ATL,rebounds_assists,11.5,NBA,fanduel,-132,100,0.532258064516129,0.032258064516129004,0.032258064516129004,2026-03-03T20:05:50 ET,2026-03-04T21:40:00.000-05:00,FALSE,prizepicks:dyson daniels:rebounds_assists:11.5:over:game,Dyson Daniels - Rebounds Assists - 11.5
NBA,prizepicks-10286670-pra-39.5,Jaylen Brown,BOS,pra,39.5,NBA,fanduel_synth,-113.70143149284253,113.70143149284253,0.5320574162679426,0.03205741626794256,0.03205741626794256,2026-03-03T20:05:50 ET,2026-03-04T19:40:00.000-05:00,TRUE,prizepicks:jaylen brown:pra:39.5:over:game,Jaylen Brown - Pra - 39.5
NBA,prizepicks-10260524-points_rebounds-23.5,Andrew Wiggins,MIA,points_rebounds,23.5,NBA,draftkings,-130,100,0.5306122448979592,0.030612244897959218,0.030612244897959218,2026-03-03T20:05:50 ET,2026-03-03T19:43:00.000-05:00,FALSE,prizepicks:andrew wiggins:points_rebounds:23.5:over:game,Andrew Wiggins - Points Rebounds - 23.5
NBA,prizepicks-10263357-rebounds_assists-8.5,Jaime Jaquez,MIA,rebounds_assists,8.5,NBA,draftkings,-130,100,0.5306122448979592,0.030612244897959218,0.030612244897959218,2026-03-03T20:05:50 ET,2026-03-03T19:43:00.000-05:00,FALSE,prizepicks:jaime jaquez:rebounds_assists:8.5:over:game,Jaime Jaquez - Rebounds Assists - 8.5
NBA,prizepicks-10264767-points_rebounds-11.5,Mitchell Robinson,NYK,points_rebounds,11.5,NBA,draftkings,-130,100,0.5306122448979592,0.030612244897959218,0.030612244897959218,2026-03-03T20:05:50 ET,2026-03-03T19:10:00.000-05:00,FALSE,prizepicks:mitchell robinson:points_rebounds:11.5:over:game,Mitchell Robinson - Points Rebounds - 11.5
NBA,prizepicks-10283406-points_rebounds-15,Leonard Miller,CHI,points_rebounds,15,NBA,fanduel,-135,-104,0.5298191612158523,0.029819161215852263,0.029819161215852263,2026-03-03T20:05:50 ET,2026-03-03T20:12:00.000-05:00,TRUE,prizepicks:leonard miller:points_rebounds:15:over:game,Leonard Miller - Points Rebounds - 15
NBA,prizepicks-10263621-pra-14.5,Herbert Jones,NOP,pra,14.5,NBA,fanduel_synth,-112.33766233766234,112.33766233766234,0.5290519877675841,0.02905198776758411,0.02905198776758411,2026-03-03T20:05:50 ET,2026-03-03T22:40:00.000-05:00,TRUE,prizepicks:herbert jones:pra:14.5:over:game,Herbert Jones - Pra - 14.5
NBA,prizepicks-10243686-points_rebounds-17,Devin Vassell,SAS,points_rebounds,17,NBA,fanduel,-128,100,0.5289256198347108,0.02892561983471076,0.02892561983471076,2026-03-03T20:05:50 ET,2026-03-03T20:11:00.000-05:00,TRUE,prizepicks:devin vassell:points_rebounds:17:over:game,Devin Vassell - Points Rebounds - 17
NBA,prizepicks-10243761-points-17.5,VJ Edgecombe,PHI,points,17.5,NBA,fanduel,-128,100,0.5289256198347108,0.02892561983471076,0.02892561983471076,2026-03-03T20:05:50 ET,2026-03-03T20:11:00.000-05:00,TRUE,prizepicks:vj edgecombe:points:17.5:over:game,VJ Edgecombe - Points - 17.5
NBA,prizepicks-10260192-points-13.5,Cason Wallace,OKC,points,13.5,NBA,fanduel,-128,100,0.5289256198347108,0.02892561983471076,0.02892561983471076,2026-03-03T20:05:50 ET,2026-03-03T20:12:00.000-05:00,TRUE,prizepicks:cason wallace:points:13.5:over:game,Cason Wallace - Points - 13.5
NBA,prizepicks-10265177-points_rebounds-20,Grayson Allen,PHX,points_rebounds,20,NBA,fanduel,-128,100,0.5289256198347108,0.02892561983471076,0.02892561983471076,2026-03-03T20:05:50 ET,2026-03-03T23:10:00.000-05:00,TRUE,prizepicks:grayson allen:points_rebounds:20:over:game,Grayson Allen - Points Rebounds - 20
NBA,prizepicks-10267510-points_rebounds-13.5,Derik Queen,NOP,points_rebounds,13.5,NBA,fanduel,-128,100,0.5289256198347108,0.02892561983471076,0.02892561983471076,2026-03-03T20:05:50 ET,2026-03-03T22:40:00.000-05:00,TRUE,prizepicks:derik queen:points_rebounds:13.5:over:game,Derik Queen - Points Rebounds - 13.5
NBA,prizepicks-10251738-pra-19.5,Dylan Harper,SAS,pra,19.5,NBA,fanduel_synth,-108.29262997937694,108.29262997937694,0.5288936760834863,0.028893676083486253,0.028893676083486253,2026-03-03T20:05:50 ET,2026-03-03T20:11:00.000-05:00,TRUE,prizepicks:dylan harper:pra:19.5:over:game,Dylan Harper - Pra - 19.5
NBA,prizepicks-10264709-pra-16.5,Luguentz Dort,OKC,pra,16.5,NBA,betmgm_synth,-112.26292543517799,112.26292543517799,0.5288861689106488,0.02888616891064877,0.02888616891064877,2026-03-03T20:05:50 ET,2026-03-03T20:12:00.000-05:00,TRUE,prizepicks:luguentz dort:pra:16.5:over:game,Luguentz Dort - Pra - 16.5
NBA,prizepicks-10251704-pra-19.5,Devin Vassell,SAS,pra,19.5,NBA,fanduel_synth,-112.18814968814968,112.18814968814968,0.5287201469687691,0.028720146968769122,0.028720146968769122,2026-03-03T20:05:50 ET,2026-03-03T20:11:00.000-05:00,TRUE,prizepicks:devin vassell:pra:19.5:over:game,Devin Vassell - Pra - 19.5
NBA,prizepicks-10284827-pra-37.5,Jalen Johnson,ATL,pra,37.5,NBA,fanduel_synth,-112.15683562685845,112.15683562685845,0.5286505867014342,0.028650586701434166,0.028650586701434166,2026-03-03T20:05:50 ET,2026-03-04T21:40:00.000-05:00,FALSE,prizepicks:jalen johnson:pra:37.5:over:game,Jalen Johnson - Pra - 37.5
NBA,prizepicks-10251780-points_rebounds-18.5,Quentin Grimes,PHI,points_rebounds,18.5,NBA,fanduel,-130,-102,0.5281576830249397,0.028157683024939706,0.028157683024939706,2026-03-03T20:05:50 ET,2026-03-03T20:11:00.000-05:00,TRUE,prizepicks:quentin grimes:points_rebounds:18.5:over:game,Quentin Grimes - Points Rebounds - 18.5
NBA,prizepicks-10284289-points_assists-17.5,Onyeka Okongwu,ATL,points_assists,17.5,NBA,fanduel,-130,-102,0.5281576830249397,0.028157683024939706,0.028157683024939706,2026-03-03T20:05:50 ET,2026-03-04T21:40:00.000-05:00,FALSE,prizepicks:onyeka okongwu:points_assists:17.5:over:game,Onyeka Okongwu - Points Assists - 17.5
NBA,prizepicks-10286101-points_rebounds-12.5,Jock Landale,ATL,points_rebounds,12.5,NBA,fanduel,-130,-102,0.5281576830249397,0.028157683024939706,0.028157683024939706,2026-03-03T20:05:50 ET,2026-03-04T21:40:00.000-05:00,FALSE,prizepicks:jock landale:points_rebounds:12.5:over:game,Jock Landale - Points Rebounds - 12.5
NBA,prizepicks-10260201-pra-31.5,Chet Holmgren,OKC,pra,31.5,NBA,fanduel_synth,-111.88944898313926,111.88944898313926,0.5280557834290402,0.02805578342904025,0.02805578342904025,2026-03-03T20:05:50 ET,2026-03-03T20:12:00.000-05:00,TRUE,prizepicks:chet holmgren:pra:31.5:over:game,Chet Holmgren - Pra - 31.5
NBA,prizepicks-10264648-pra-17.5,Guerschon Yabusele,CHI,pra,17.5,NBA,draftkings_synth,-113.93985728848115,113.93985728848115,0.5258434473203346,0.02584344732033461,0.02584344732033461,2026-03-03T20:05:50 ET,2026-03-03T20:12:00.000-05:00,TRUE,prizepicks:guerschon yabusele:pra:17.5:over:game,Guerschon Yabusele - Pra - 17.5
NBA,prizepicks-10265588-points_assists-10.5,Mark Williams,PHX,points_assists,10.5,NBA,betmgm,-130,-105,0.5246062992125985,0.024606299212598493,0.024606299212598493,2026-03-03T20:05:50 ET,2026-03-03T23:10:00.000-05:00,TRUE,prizepicks:mark williams:points_assists:10.5:over:game,Mark Williams - Points Assists - 10.5
NBA,prizepicks-10285023-rebounds-2.5,Cam Spencer,MEM,rebounds,2.5,NBA,draftkings,-127,-103,0.5244090964566128,0.024409096456612822,0.024409096456612822,2026-03-03T20:05:50 ET,2026-03-03T20:10:00.000-05:00,TRUE,prizepicks:cam spencer:rebounds:2.5:over:game,Cam Spencer - Rebounds - 2.5
NBA,prizepicks-10242430-pra-29.5,OG Anunoby,NYK,pra,29.5,NBA,draftkings_synth,-110.23782158960307,110.23782158960307,0.5243481917577797,0.02434819175777969,0.02434819175777969,2026-03-03T20:05:50 ET,2026-03-03T19:10:00.000-05:00,FALSE,prizepicks:og anunoby:pra:29.5:over:game,OG Anunoby - Pra - 29.5
NBA,prizepicks-10243762-points_assists-21.5,VJ Edgecombe,PHI,points_assists,21.5,NBA,fanduel,-128,-104,0.5240847784200385,0.024084778420038533,0.024084778420038533,2026-03-03T20:05:50 ET,2026-03-03T20:11:00.000-05:00,TRUE,prizepicks:vj edgecombe:points_assists:21.5:over:game,VJ Edgecombe - Points Assists - 21.5
NBA,prizepicks-10257452-points_assists-15.5,Dylan Harper,SAS,points_assists,15.5,NBA,fanduel,-128,-104,0.5240847784200385,0.024084778420038533,0.024084778420038533,2026-03-03T20:05:50 ET,2026-03-03T20:11:00.000-05:00,TRUE,prizepicks:dylan harper:points_assists:15.5:over:game,Dylan Harper - Points Assists - 15.5
NBA,prizepicks-10260600-rebounds-4.5,Jaime Jaquez,MIA,rebounds,4.5,NBA,fanduel,-128,-104,0.5240847784200385,0.024084778420038533,0.024084778420038533,2026-03-03T20:05:50 ET,2026-03-03T19:43:00.000-05:00,FALSE,prizepicks:jaime jaquez:rebounds:4.5:over:game,Jaime Jaquez - Rebounds - 4.5
NBA,prizepicks-10263122-assists-2.5,Kon Knueppel,CHA,assists,2.5,NBA,fanduel,-128,-104,0.5240847784200385,0.024084778420038533,0.024084778420038533,2026-03-03T20:05:50 ET,2026-03-03T19:10:00.000-05:00,FALSE,prizepicks:kon knueppel:assists:2.5:over:game,Kon Knueppel - Assists - 2.5
NBA,prizepicks-10269218-points-6.5,Davion Mitchell,MIA,points,6.5,NBA,fanduel,-128,-104,0.5240847784200385,0.024084778420038533,0.024084778420038533,2026-03-03T20:05:50 ET,2026-03-03T19:43:00.000-05:00,FALSE,prizepicks:davion mitchell:points:6.5:over:game,Davion Mitchell - Points - 6.5
NBA,prizepicks-10284445-points-7.5,Jock Landale,ATL,points,7.5,NBA,fanduel,-128,-104,0.5240847784200385,0.024084778420038533,0.024084778420038533,2026-03-03T20:05:50 ET,2026-03-04T21:40:00.000-05:00,FALSE,prizepicks:jock landale:points:7.5:over:game,Jock Landale - Points - 7.5
NBA,prizepicks-10284564-points_assists-30.5,Giannis Antetokounmpo,MIL,points_assists,30.5,NBA,fanduel,-128,-104,0.5240847784200385,0.024084778420038533,0.024084778420038533,2026-03-03T20:05:50 ET,2026-03-04T21:40:00.000-05:00,FALSE,prizepicks:giannis antetokounmpo:points_assists:30.5:over:game,Giannis Antetokounmpo - Points Assists - 30.5
NBA,prizepicks-10260198-points-19,Chet Holmgren,OKC,points,19,NBA,fanduel,-125,-102,0.5238589211618258,0.023858921161825752,0.023858921161825752,2026-03-03T20:05:50 ET,2026-03-03T20:12:00.000-05:00,TRUE,prizepicks:chet holmgren:points:19:over:game,Chet Holmgren - Points - 19
NBA,prizepicks-10263695-points-21,Trey Murphy,NOP,points,21,NBA,fanduel,-125,-102,0.5238589211618258,0.023858921161825752,0.023858921161825752,2026-03-03T20:05:50 ET,2026-03-03T22:40:00.000-05:00,TRUE,prizepicks:trey murphy:points:21:over:game,Trey Murphy - Points - 21
NBA,prizepicks-10264331-points_rebounds-10,Marcus Smart,LAL,points_rebounds,10,NBA,fanduel,-125,-102,0.5238589211618258,0.023858921161825752,0.023858921161825752,2026-03-03T20:05:50 ET,2026-03-03T22:40:00.000-05:00,TRUE,prizepicks:marcus smart:points_rebounds:10:over:game,Marcus Smart - Points Rebounds - 10
NBA,prizepicks-10265209-points_rebounds-22,Jalen Green,PHX,points_rebounds,22,NBA,fanduel,-125,-102,0.5238589211618258,0.023858921161825752,0.023858921161825752,2026-03-03T20:05:50 ET,2026-03-03T23:10:00.000-05:00,TRUE,prizepicks:jalen green:points_rebounds:22:over:game,Jalen Green - Points Rebounds - 22
NBA,prizepicks-10268015-points-14.5,Jaden McDaniels,MIN,points,14.5,NBA,fanduel,-125,-102,0.5238589211618258,0.023858921161825752,0.023858921161825752,2026-03-03T20:05:50 ET,2026-03-03T20:10:00.000-05:00,TRUE,prizepicks:jaden mcdaniels:points:14.5:over:game,Jaden McDaniels - Points - 14.5
NBA,prizepicks-10277838-threes-1.5,Collin Sexton,CHI,threes,1.5,NBA,fanduel,-125,-102,0.5238589211618258,0.023858921161825752,0.023858921161825752,2026-03-03T20:05:50 ET,2026-03-03T20:12:00.000-05:00,TRUE,prizepicks:collin sexton:threes:1.5:over:game,Collin Sexton - Threes - 1.5
NBA,prizepicks-10285214-points-11.5,Scotty Pippen,MEM,points,11.5,NBA,fanduel,-125,-102,0.5238589211618258,0.023858921161825752,0.023858921161825752,2026-03-03T20:05:50 ET,2026-03-03T20:10:00.000-05:00,TRUE,prizepicks:scotty pippen:points:11.5:over:game,Scotty Pippen - Points - 11.5
NBA,prizepicks-10260546-pra-37.5,Bam Adebayo,MIA,pra,37.5,NBA,draftkings_synth,-110.00000000000001,110.00000000000001,0.5238095238095238,0.023809523809523836,0.023809523809523836,2026-03-03T20:05:50 ET,2026-03-03T19:43:00.000-05:00,FALSE,prizepicks:bam adebayo:pra:37.5:over:game,Bam Adebayo - Pra - 37.5
NBA,prizepicks-10280780-pra-13.5,Alex Caruso,OKC,pra,13.5,NBA,fanduel_synth,-110.00000000000001,110.00000000000001,0.5238095238095238,0.023809523809523836,0.023809523809523836,2026-03-03T20:05:50 ET,2026-03-03T20:10:00.000-05:00,TRUE,prizepicks:alex caruso:pra:13.5:over:game,Alex Caruso - Pra - 13.5
NBA,prizepicks-10265137-pra-32.5,Devin Booker,PHX,pra,32.5,NBA,fanduel_synth,-109.39597315436242,109.39597315436242,0.5224358974358975,0.022435897435897467,0.022435897435897467,2026-03-03T20:05:50 ET,2026-03-03T23:10:00.000-05:00,TRUE,prizepicks:devin booker:pra:32.5:over:game,Devin Booker - Pra - 32.5
NBA,prizepicks-10273683-rebounds_assists-5,Isaac Okoro,CHI,rebounds_assists,5,NBA,draftkings,-126,-104,0.5223540887660543,0.02235408876605427,0.02235408876605427,2026-03-03T20:05:50 ET,2026-03-03T20:12:00.000-05:00,TRUE,prizepicks:isaac okoro:rebounds_assists:5:over:game,Isaac Okoro - Rebounds Assists - 5
NBA,prizepicks-10242388-points_assists-21.5,Scottie Barnes,TOR,points_assists,21.5,NBA,draftkings,-125,-105,0.5203045685279188,0.020304568527918843,0.020304568527918843,2026-03-03T20:05:50 ET,2026-03-03T19:10:00.000-05:00,FALSE,prizepicks:scottie barnes:points_assists:21.5:over:game,Scottie Barnes - Points Assists - 21.5
NBA,prizepicks-10261105-points_rebounds-13.5,Max Christie,DAL,points_rebounds,13.5,NBA,draftkings,-125,-105,0.5203045685279188,0.020304568527918843,0.020304568527918843,2026-03-03T20:05:50 ET,2026-03-03T19:10:00.000-05:00,FALSE,prizepicks:max christie:points_rebounds:13.5:over:game,Max Christie - Points Rebounds - 13.5
NBA,prizepicks-10267869-points_assists-22.5,Michael Porter,BKN,points_assists,22.5,NBA,draftkings,-125,-105,0.5203045685279188,0.020304568527918843,0.020304568527918843,2026-03-03T20:05:50 ET,2026-03-03T19:43:00.000-05:00,FALSE,prizepicks:michael porter:points_assists:22.5:over:game,Michael Porter - Points Assists - 22.5
NBA,prizepicks-10275476-rebounds_assists-8.5,Moussa Diabaté,CHA,rebounds_assists,8.5,NBA,draftkings,-125,-105,0.5203045685279188,0.020304568527918843,0.020304568527918843,2026-03-03T20:05:50 ET,2026-03-03T19:10:00.000-05:00,FALSE,prizepicks:moussa diabate:rebounds_assists:8.5:over:game,Moussa Diabaté - Rebounds Assists - 8.5
NBA,prizepicks-10268040-pra-30.5,Julius Randle,MIN,pra,30.5,NBA,fanduel_synth,-105.49903766840805,105.49903766840805,0.5201197353144621,0.020119735314462095,0.020119735314462095,2026-03-03T20:05:50 ET,2026-03-03T20:10:00.000-05:00,TRUE,prizepicks:julius randle:pra:30.5:over:game,Julius Randle - Pra - 30.5
NBA,prizepicks-10285018-pra-17.5,Cam Spencer,MEM,pra,17.5,NBA,fanduel_synth,-108.04145040107439,108.04145040107439,0.5193265582064815,0.019326558206481548,0.019326558206481548,2026-03-03T20:05:50 ET,2026-03-03T20:10:00.000-05:00,TRUE,prizepicks:cam spencer:pra:17.5:over:game,Cam Spencer - Pra - 17.5
NBA,prizepicks-10260646-points-11.5,Noah Clowney,BKN,points,11.5,NBA,fanduel,-125,-106,0.5191532258064516,0.019153225806451624,0.019153225806451624,2026-03-03T20:05:50 ET,2026-03-03T19:43:00.000-05:00,FALSE,prizepicks:noah clowney:points:11.5:over:game,Noah Clowney - Points - 11.5
NBA,prizepicks-10263656-points_assists-39.5,Luka Dončić,LAL,points_assists,39.5,NBA,fanduel,-125,-106,0.5191532258064516,0.019153225806451624,0.019153225806451624,2026-03-03T20:05:50 ET,2026-03-03T22:40:00.000-05:00,TRUE,prizepicks:luka doncic:points_assists:39.5:over:game,Luka Dončić - Points Assists - 39.5
NBA,prizepicks-10265134-points_assists-29,Devin Booker,PHX,points_assists,29,NBA,fanduel,-125,-106,0.5191532258064516,0.019153225806451624,0.019153225806451624,2026-03-03T20:05:50 ET,2026-03-03T23:10:00.000-05:00,TRUE,prizepicks:devin booker:points_assists:29:over:game,Devin Booker - Points Assists - 29
NBA,prizepicks-10270404-threes-0.5,Will Riley,WAS,threes,0.5,NBA,fanduel,-125,-106,0.5191532258064516,0.019153225806451624,0.019153225806451624,2026-03-03T20:05:50 ET,2026-03-03T18:12:00.000-05:00,FALSE,prizepicks:will riley:threes:0.5:over:game,Will Riley - Threes - 0.5
NBA,prizepicks-10284255-threes-2.5,CJ McCollum,ATL,threes,2.5,NBA,fanduel,-125,-106,0.5191532258064516,0.019153225806451624,0.019153225806451624,2026-03-03T20:05:50 ET,2026-03-04T21:40:00.000-05:00,FALSE,prizepicks:cj mccollum:threes:2.5:over:game,CJ McCollum - Threes - 2.5
NBA,prizepicks-10284798-points-8.5,AJ Green,MIL,points,8.5,NBA,fanduel,-125,-106,0.5191532258064516,0.019153225806451624,0.019153225806451624,2026-03-03T20:05:50 ET,2026-03-04T21:40:00.000-05:00,FALSE,prizepicks:aj green:points:8.5:over:game,AJ Green - Points - 8.5
NBA,prizepicks-10286648-points_assists-12.5,Keldon Johnson,SAS,points_assists,12.5,NBA,draftkings,-125,-106,0.5191532258064516,0.019153225806451624,0.019153225806451624,2026-03-03T20:05:50 ET,2026-03-03T20:11:00.000-05:00,TRUE,prizepicks:keldon johnson:points_assists:12.5:over:game,Keldon Johnson - Points Assists - 12.5
NBA,prizepicks-10286660-points_assists-23.5,Derrick White,BOS,points_assists,23.5,NBA,fanduel,-125,-106,0.5191532258064516,0.019153225806451624,0.019153225806451624,2026-03-03T20:05:50 ET,2026-03-04T19:40:00.000-05:00,TRUE,prizepicks:derrick white:points_assists:23.5:over:game,Derrick White - Points Assists - 23.5
NBA,prizepicks-10286677-points_rebounds-20.5,Payton Pritchard,BOS,points_rebounds,20.5,NBA,fanduel,-125,-106,0.5191532258064516,0.019153225806451624,0.019153225806451624,2026-03-03T20:05:50 ET,2026-03-04T19:40:00.000-05:00,TRUE,prizepicks:payton pritchard:points_rebounds:20.5:over:game,Payton Pritchard - Points Rebounds - 20.5
NBA,prizepicks-10245774-points_rebounds-35,Tyrese Maxey,PHI,points_rebounds,35,NBA,fanduel,-122,-104,0.5187593796898449,0.01875937968984487,0.01875937968984487,2026-03-03T20:05:50 ET,2026-03-03T20:11:00.000-05:00,TRUE,prizepicks:tyrese maxey:points_rebounds:35:over:game,Tyrese Maxey - Points Rebounds - 35
NBA,prizepicks-10265052-points_rebounds-18.5,Collin Gillespie,PHX,points_rebounds,18.5,NBA,fanduel,-122,-104,0.5187593796898449,0.01875937968984487,0.01875937968984487,2026-03-03T20:05:50 ET,2026-03-03T23:10:00.000-05:00,TRUE,prizepicks:collin gillespie:points_rebounds:18.5:over:game,Collin Gillespie - Points Rebounds - 18.5
NBA,prizepicks-10265281-points-12.5,Maxime Raynaud,SAC,points,12.5,NBA,fanduel,-122,-104,0.5187593796898449,0.01875937968984487,0.01875937968984487,2026-03-03T20:05:50 ET,2026-03-03T23:10:00.000-05:00,TRUE,prizepicks:maxime raynaud:points:12.5:over:game,Maxime Raynaud - Points - 12.5
NBA,prizepicks-10265373-rebounds-5.5,Oso Ighodaro,PHX,rebounds,5.5,NBA,fanduel,-122,-104,0.5187593796898449,0.01875937968984487,0.01875937968984487,2026-03-03T20:05:50 ET,2026-03-03T23:10:00.000-05:00,TRUE,prizepicks:oso ighodaro:rebounds:5.5:over:game,Oso Ighodaro - Rebounds - 5.5
NBA,prizepicks-10265476-assists-4.5,Russell Westbrook,SAC,assists,4.5,NBA,fanduel,-122,-104,0.5187593796898449,0.01875937968984487,0.01875937968984487,2026-03-03T20:05:50 ET,2026-03-03T23:10:00.000-05:00,TRUE,prizepicks:russell westbrook:assists:4.5:over:game,Russell Westbrook - Assists - 4.5
NBA,prizepicks-10268061-points_rebounds-19.5,Naz Reid,MIN,points_rebounds,19.5,NBA,fanduel,-122,-104,0.5187593796898449,0.01875937968984487,0.01875937968984487,2026-03-03T20:05:50 ET,2026-03-03T20:10:00.000-05:00,TRUE,prizepicks:naz reid:points_rebounds:19.5:over:game,Naz Reid - Points Rebounds - 19.5
NBA,prizepicks-10265288-pra-24.5,Maxime Raynaud,SAC,pra,24.5,NBA,draftkings_synth,-110.12883163038651,110.12883163038651,0.5177807143921352,0.017780714392135244,0.017780714392135244,2026-03-03T20:05:50 ET,2026-03-03T23:10:00.000-05:00,TRUE,prizepicks:maxime raynaud:pra:24.5:over:game,Maxime Raynaud - Pra - 24.5
NBA,prizepicks-10286855-pra-20.5,Nikola Vučević,BOS,pra,20.5,NBA,fanduel_synth,-106.93405094555237,106.93405094555237,0.5167542531397523,0.016754253139752318,0.016754253139752318,2026-03-03T20:05:50 ET,2026-03-04T19:40:00.000-05:00,TRUE,prizepicks:nikola vucevic:pra:20.5:over:game,Nikola Vučević - Pra - 20.5
NBA,prizepicks-10261727-pra-25.5,Jaylon Tyson,CLE,pra,25.5,NBA,draftkings_synth,-106.85840707964603,106.85840707964603,0.5165775401069519,0.016577540106951894,0.016577540106951894,2026-03-03T20:05:50 ET,2026-03-03T19:10:00.000-05:00,FALSE,prizepicks:jaylon tyson:pra:25.5:over:game,Jaylon Tyson - Pra - 25.5
NBA,prizepicks-10261038-threes-0.5,Khris Middleton,DAL,threes,0.5,NBA,fanduel,-122,-106,0.5164392569455861,0.016439256945586123,0.016439256945586123,2026-03-03T20:05:50 ET,2026-03-03T19:10:00.000-05:00,FALSE,prizepicks:khris middleton:threes:0.5:over:game,Khris Middleton - Threes - 0.5
NBA,prizepicks-10243728-pra-28.5,Stephon Castle,SAS,pra,28.5,NBA,fanduel_synth,-106.73876871880204,106.73876871880204,0.516297786720322,0.016297786720322005,0.016297786720322005,2026-03-03T20:05:50 ET,2026-03-03T20:11:00.000-05:00,TRUE,prizepicks:stephon castle:pra:28.5:over:game,Stephon Castle - Pra - 28.5
NBA,prizepicks-10265409-pra-20.5,Precious Achiuwa,SAC,pra,20.5,NBA,draftkings_synth,-110.98011613584373,110.98011613584373,0.5162887647838644,0.01628876478386443,0.01628876478386443,2026-03-03T20:05:50 ET,2026-03-03T23:10:00.000-05:00,TRUE,prizepicks:precious achiuwa:pra:20.5:over:game,Precious Achiuwa - Pra - 20.5
NBA,prizepicks-10286392-points_assists-6.5,Luke Kornet,SAS,points_assists,6.5,NBA,draftkings,-123,-107,0.5162199424192044,0.016219942419204436,0.016219942419204436,2026-03-03T20:05:50 ET,2026-03-03T20:11:00.000-05:00,TRUE,prizepicks:luke kornet:points_assists:6.5:over:game,Luke Kornet - Points Assists - 6.5
NBA,prizepicks-10265211-pra-24.5,Jalen Green,PHX,pra,24.5,NBA,fanduel_synth,-106.15333072756718,106.15333072756718,0.5149241603466956,0.014924160346695636,0.014924160346695636,2026-03-03T20:05:50 ET,2026-03-03T23:10:00.000-05:00,TRUE,prizepicks:jalen green:pra:24.5:over:game,Jalen Green - Pra - 24.5
NBA,prizepicks-10243661-points_rebounds-17.5,Andre Drummond,PHI,points_rebounds,17.5,NBA,fanduel,-120,-106,0.5145711906744379,0.014571190674437906,0.014571190674437906,2026-03-03T20:05:50 ET,2026-03-03T20:11:00.000-05:00,TRUE,prizepicks:andre drummond:points_rebounds:17.5:over:game,Andre Drummond - Points Rebounds - 17.5
NBA,prizepicks-10243776-points-24.5,Victor Wembanyama,SAS,points,24.5,NBA,fanduel,-120,-106,0.5145711906744379,0.014571190674437906,0.014571190674437906,2026-03-03T20:05:50 ET,2026-03-03T20:11:00.000-05:00,TRUE,prizepicks:victor wembanyama:points:24.5:over:game,Victor Wembanyama - Points - 24.5
NBA,prizepicks-10260225-points_rebounds-13.5,Luguentz Dort,OKC,points_rebounds,13.5,NBA,fanduel,-120,-106,0.5145711906744379,0.014571190674437906,0.014571190674437906,2026-03-03T20:05:50 ET,2026-03-03T20:12:00.000-05:00,TRUE,prizepicks:luguentz dort:points_rebounds:13.5:over:game,Luguentz Dort - Points Rebounds - 13.5
NBA,prizepicks-10260725-points_rebounds-18,Cason Wallace,OKC,points_rebounds,18,NBA,fanduel,-120,-106,0.5145711906744379,0.014571190674437906,0.014571190674437906,2026-03-03T20:05:50 ET,2026-03-03T20:12:00.000-05:00,TRUE,prizepicks:cason wallace:points_rebounds:18:over:game,Cason Wallace - Points Rebounds - 18
NBA,prizepicks-10263603-points_rebounds-17.5,Dejounte Murray,NOP,points_rebounds,17.5,NBA,fanduel,-120,-106,0.5145711906744379,0.014571190674437906,0.014571190674437906,2026-03-03T20:05:50 ET,2026-03-03T22:40:00.000-05:00,TRUE,prizepicks:dejounte murray:points_rebounds:17.5:over:game,Dejounte Murray - Points Rebounds - 17.5
NBA,prizepicks-10265089-points-13.5,DeMar DeRozan,SAC,points,13.5,NBA,fanduel,-120,-106,0.5145711906744379,0.014571190674437906,0.014571190674437906,2026-03-03T20:05:50 ET,2026-03-03T23:10:00.000-05:00,TRUE,prizepicks:demar derozan:points:13.5:over:game,DeMar DeRozan - Points - 13.5
NBA,prizepicks-10268499-points-16.5,Ty Jerome,MEM,points,16.5,NBA,fanduel,-120,-106,0.5145711906744379,0.014571190674437906,0.014571190674437906,2026-03-03T20:05:50 ET,2026-03-03T20:10:00.000-05:00,TRUE,prizepicks:ty jerome:points:16.5:over:game,Ty Jerome - Points - 16.5
NBA,prizepicks-10285559-rebounds-7.5,Nick Richards,CHI,rebounds,7.5,NBA,fanduel,-120,-106,0.5145711906744379,0.014571190674437906,0.014571190674437906,2026-03-03T20:05:50 ET,2026-03-03T20:12:00.000-05:00,TRUE,prizepicks:nick richards:rebounds:7.5:over:game,Nick Richards - Rebounds - 7.5
NBA,prizepicks-10263586-pra-18,Deandre Ayton,LAL,pra,18,NBA,draftkings_synth,-105.85763509538617,105.85763509538617,0.5142273933455808,0.014227393345580763,0.014227393345580763,2026-03-03T20:05:50 ET,2026-03-03T22:40:00.000-05:00,TRUE,prizepicks:deandre ayton:pra:18:over:game,Deandre Ayton - Pra - 18
NBA,prizepicks-10265660-points_assists-11.5,Derik Queen,NOP,points_assists,11.5,NBA,fanduel,-122,-108,0.5141838223374939,0.014183822337493934,0.014183822337493934,2026-03-03T20:05:50 ET,2026-03-03T22:40:00.000-05:00,TRUE,prizepicks:derik queen:points_assists:11.5:over:game,Derik Queen - Points Assists - 11.5
NBA,prizepicks-10268038-points_assists-23.5,Julius Randle,MIN,points_assists,23.5,NBA,fanduel,-122,-108,0.5141838223374939,0.014183822337493934,0.014183822337493934,2026-03-03T20:05:50 ET,2026-03-03T20:10:00.000-05:00,TRUE,prizepicks:julius randle:points_assists:23.5:over:game,Julius Randle - Points Assists - 23.5
NBA,prizepicks-10269342-points-9.5,Jakob Poeltl,TOR,points,9.5,NBA,fanduel,-122,-108,0.5141838223374939,0.014183822337493934,0.014183822337493934,2026-03-03T20:05:50 ET,2026-03-03T19:10:00.000-05:00,FALSE,prizepicks:jakob poeltl:points:9.5:over:game,Jakob Poeltl - Points - 9.5
NBA,prizepicks-10284177-points-20.5,Jalen Johnson,ATL,points,20.5,NBA,fanduel,-122,-108,0.5141838223374939,0.014183822337493934,0.014183822337493934,2026-03-03T20:05:50 ET,2026-03-04T21:40:00.000-05:00,FALSE,prizepicks:jalen johnson:points:20.5:over:game,Jalen Johnson - Points - 20.5
NBA,prizepicks-10286854-points_rebounds-17.5,Nikola Vučević,BOS,points_rebounds,17.5,NBA,fanduel,-122,-108,0.5141838223374939,0.014183822337493934,0.014183822337493934,2026-03-03T20:05:50 ET,2026-03-04T19:40:00.000-05:00,TRUE,prizepicks:nikola vucevic:points_rebounds:17.5:over:game,Nikola Vučević - Points Rebounds - 17.5
NBA,prizepicks-10284450-pra-22.5,Jonathan Kuminga,ATL,pra,22.5,NBA,fanduel_synth,-105.83840723170594,105.83840723170594,0.5141820161509845,0.014182016150984467,0.014182016150984467,2026-03-03T20:05:50 ET,2026-03-04T21:40:00.000-05:00,FALSE,prizepicks:jonathan kuminga:pra:22.5:over:game,Jonathan Kuminga - Pra - 22.5
NBA,prizepicks-10265494-pra-22.5,Russell Westbrook,SAC,pra,22.5,NBA,fanduel_synth,-105.70649127396392,105.70649127396392,0.513870469615769,0.013870469615768988,0.013870469615768988,2026-03-03T20:05:50 ET,2026-03-03T23:10:00.000-05:00,TRUE,prizepicks:russell westbrook:pra:22.5:over:game,Russell Westbrook - Pra - 22.5
NBA,prizepicks-10269942-pra-23.5,Jalen Suggs,ORL,pra,23.5,NBA,draftkings_synth,-105.09554140127389,105.09554140127389,0.5124223602484472,0.012422360248447228,0.012422360248447228,2026-03-03T20:05:50 ET,2026-03-03T18:12:00.000-05:00,FALSE,prizepicks:jalen suggs:pra:23.5:over:game,Jalen Suggs - Pra - 23.5
NBA,prizepicks-10263642-pra-33.5,LeBron James,LAL,pra,33.5,NBA,fanduel_synth,-105.07996237064914,105.07996237064914,0.5123853211009175,0.012385321100917501,0.012385321100917501,2026-03-03T20:05:50 ET,2026-03-03T22:40:00.000-05:00,TRUE,prizepicks:lebron james:pra:33.5:over:game,LeBron James - Pra - 33.5
NBA,prizepicks-10243779-pra-39.5,Victor Wembanyama,SAS,pra,39.5,NBA,fanduel_synth,-112.26292543517799,112.26292543517799,0.5122917316537237,0.012291731653723659,0.012291731653723659,2026-03-03T20:05:50 ET,2026-03-03T20:11:00.000-05:00,TRUE,prizepicks:victor wembanyama:pra:39.5:over:game,Victor Wembanyama - Pra - 39.5
NBA,prizepicks-10276561-rebounds-4.5,Ryan Dunn,PHX,rebounds,4.5,NBA,draftkings,-121,-109,0.5121511604358217,0.01215116043582165,0.01215116043582165,2026-03-03T20:05:50 ET,2026-03-03T23:10:00.000-05:00,TRUE,prizepicks:ryan dunn:rebounds:4.5:over:game,Ryan Dunn - Rebounds - 4.5
NBA,prizepicks-10243748-pra-42.5,Tyrese Maxey,PHI,pra,42.5,NBA,fanduel_synth,-104.95839701137713,104.95839701137713,0.512096106048053,0.012096106048053001,0.012096106048053001,2026-03-03T20:05:50 ET,2026-03-03T20:11:00.000-05:00,TRUE,prizepicks:tyrese maxey:pra:42.5:over:game,Tyrese Maxey - Pra - 42.5
NBA,prizepicks-10268077-pra-25.5,Rudy Gobert,MIN,pra,25.5,NBA,fanduel_synth,-104.53020134228186,104.53020134228186,0.5110746513535684,0.011074651353568443,0.011074651353568443,2026-03-03T20:05:50 ET,2026-03-03T20:10:00.000-05:00,TRUE,prizepicks:rudy gobert:pra:25.5:over:game,Rudy Gobert - Pra - 25.5
NBA,prizepicks-10263658-pra-47.5,Luka Dončić,LAL,pra,47.5,NBA,fanduel_synth,-104.45609436435123,104.45609436435123,0.5108974358974359,0.010897435897435859,0.010897435897435859,2026-03-03T20:05:50 ET,2026-03-03T22:40:00.000-05:00,TRUE,prizepicks:luka doncic:pra:47.5:over:game,Luka Dončić - Pra - 47.5
NBA,prizepicks-10265173-points-16.5,Grayson Allen,PHX,points,16.5,NBA,fanduel,-118,-108,0.510397604391948,0.010397604391948034,0.010397604391948034,2026-03-03T20:05:50 ET,2026-03-03T23:10:00.000-05:00,TRUE,prizepicks:grayson allen:points:16.5:over:game,Grayson Allen - Points - 16.5
NBA,prizepicks-10265407-points_rebounds-19,Precious Achiuwa,SAC,points_rebounds,19,NBA,fanduel,-118,-108,0.510397604391948,0.010397604391948034,0.010397604391948034,2026-03-03T20:05:50 ET,2026-03-03T23:10:00.000-05:00,TRUE,prizepicks:precious achiuwa:points_rebounds:19:over:game,Precious Achiuwa - Points Rebounds - 19
NBA,prizepicks-10273689-rebounds_assists-7.5,Quentin Grimes,PHI,rebounds_assists,7.5,NBA,fanduel,-118,-108,0.510397604391948,0.010397604391948034,0.010397604391948034,2026-03-03T20:05:50 ET,2026-03-03T20:11:00.000-05:00,TRUE,prizepicks:quentin grimes:rebounds_assists:7.5:over:game,Quentin Grimes - Rebounds Assists - 7.5
NBA,prizepicks-10283294-threes-1.5,Malik Monk,SAC,threes,1.5,NBA,fanduel,-118,-108,0.510397604391948,0.010397604391948034,0.010397604391948034,2026-03-03T20:05:50 ET,2026-03-03T23:10:00.000-05:00,TRUE,prizepicks:malik monk:threes:1.5:over:game,Malik Monk - Threes - 1.5
NBA,prizepicks-10283892-rebounds-4.5,Jaden McDaniels,MIN,rebounds,4.5,NBA,fanduel,-118,-108,0.510397604391948,0.010397604391948034,0.010397604391948034,2026-03-03T20:05:50 ET,2026-03-03T20:10:00.000-05:00,TRUE,prizepicks:jaden mcdaniels:rebounds:4.5:over:game,Jaden McDaniels - Rebounds - 4.5
NBA,prizepicks-10263714-pra-29.5,Zion Williamson,NOP,pra,29.5,NBA,fanduel_synth,-104.1391927430728,104.1391927430728,0.5101381628080659,0.010138162808065898,0.010138162808065898,2026-03-03T20:05:50 ET,2026-03-03T22:40:00.000-05:00,TRUE,prizepicks:zion williamson:pra:29.5:over:game,Zion Williamson - Pra - 29.5
NBA,prizepicks-10242389-points_rebounds-24.5,Scottie Barnes,TOR,points_rebounds,24.5,NBA,draftkings,-120,-110,0.5101214574898786,0.010121457489878583,0.010121457489878583,2026-03-03T20:05:50 ET,2026-03-03T19:10:00.000-05:00,FALSE,prizepicks:scottie barnes:points_rebounds:24.5:over:game,Scottie Barnes - Points Rebounds - 24.5
NBA,prizepicks-10242494-points_assists-17.5,Mikal Bridges,NYK,points_assists,17.5,NBA,draftkings,-120,-110,0.5101214574898786,0.010121457489878583,0.010121457489878583,2026-03-03T20:05:50 ET,2026-03-03T19:10:00.000-05:00,FALSE,prizepicks:mikal bridges:points_assists:17.5:over:game,Mikal Bridges - Points Assists - 17.5
NBA,prizepicks-10255446-rebounds_assists-6.5,Brandon Ingram,TOR,rebounds_assists,6.5,NBA,draftkings,-120,-110,0.5101214574898786,0.010121457489878583,0.010121457489878583,2026-03-03T20:05:50 ET,2026-03-03T19:10:00.000-05:00,FALSE,prizepicks:brandon ingram:rebounds_assists:6.5:over:game,Brandon Ingram - Rebounds Assists - 6.5
NBA,prizepicks-10260719-points_rebounds-26.5,Tyler Herro,MIA,points_rebounds,26.5,NBA,draftkings,-120,-110,0.5101214574898786,0.010121457489878583,0.010121457489878583,2026-03-03T20:05:50 ET,2026-03-03T19:43:00.000-05:00,FALSE,prizepicks:tyler herro:points_rebounds:26.5:over:game,Tyler Herro - Points Rebounds - 26.5
NBA,prizepicks-10260993-points_rebounds-23.5,Brandon Williams,DAL,points_rebounds,23.5,NBA,draftkings,-120,-110,0.5101214574898786,0.010121457489878583,0.010121457489878583,2026-03-03T20:05:50 ET,2026-03-03T19:10:00.000-05:00,FALSE,prizepicks:brandon williams:points_rebounds:23.5:over:game,Brandon Williams - Points Rebounds - 23.5
NBA,prizepicks-10261141-points_rebounds-17.5,Moussa Diabaté,CHA,points_rebounds,17.5,NBA,draftkings,-120,-110,0.5101214574898786,0.010121457489878583,0.010121457489878583,2026-03-03T20:05:50 ET,2026-03-03T19:10:00.000-05:00,FALSE,prizepicks:moussa diabate:points_rebounds:17.5:over:game,Moussa Diabaté - Points Rebounds - 17.5
NBA,prizepicks-10263405-rebounds_assists-12.5,Nic Claxton,BKN,rebounds_assists,12.5,NBA,draftkings,-120,-110,0.5101214574898786,0.010121457489878583,0.010121457489878583,2026-03-03T20:05:50 ET,2026-03-03T19:43:00.000-05:00,FALSE,prizepicks:nic claxton:rebounds_assists:12.5:over:game,Nic Claxton - Rebounds Assists - 12.5
NBA,prizepicks-10263782-points_rebounds-15.5,Nic Claxton,BKN,points_rebounds,15.5,NBA,draftkings,-120,-110,0.5101214574898786,0.010121457489878583,0.010121457489878583,2026-03-03T20:05:50 ET,2026-03-03T19:43:00.000-05:00,FALSE,prizepicks:nic claxton:points_rebounds:15.5:over:game,Nic Claxton - Points Rebounds - 15.5
NBA,prizepicks-10265713-points_assists-15,Jeremiah Fears,NOP,points_assists,15,NBA,fanduel,-120,-110,0.5101214574898786,0.010121457489878583,0.010121457489878583,2026-03-03T20:05:50 ET,2026-03-03T22:40:00.000-05:00,TRUE,prizepicks:jeremiah fears:points_assists:15:over:game,Jeremiah Fears - Points Assists - 15
NBA,prizepicks-10276102-points_rebounds-16.5,Collin Sexton,CHI,points_rebounds,16.5,NBA,fanduel,-120,-110,0.5101214574898786,0.010121457489878583,0.010121457489878583,2026-03-03T20:05:50 ET,2026-03-03T20:12:00.000-05:00,TRUE,prizepicks:collin sexton:points_rebounds:16.5:over:game,Collin Sexton - Points Rebounds - 16.5
NBA,prizepicks-10277540-points_rebounds-13.5,Moritz Wagner,ORL,points_rebounds,13.5,NBA,draftkings,-120,-110,0.5101214574898786,0.010121457489878583,0.010121457489878583,2026-03-03T20:05:50 ET,2026-03-03T18:12:00.000-05:00,FALSE,prizepicks:moritz wagner:points_rebounds:13.5:over:game,Moritz Wagner - Points Rebounds - 13.5
NBA,prizepicks-10286668-points_assists-32.5,Jaylen Brown,BOS,points_assists,32.5,NBA,fanduel,-120,-110,0.5101214574898786,0.010121457489878583,0.010121457489878583,2026-03-03T20:05:50 ET,2026-03-04T19:40:00.000-05:00,TRUE,prizepicks:jaylen brown:points_assists:32.5:over:game,Jaylen Brown - Points Assists - 32.5
NBA,prizepicks-10268062-pra-22.5,Naz Reid,MIN,pra,22.5,NBA,fanduel_synth,-103.88349514563104,103.88349514563104,0.5095238095238095,0.00952380952380949,0.00952380952380949,2026-03-03T20:05:50 ET,2026-03-03T20:10:00.000-05:00,TRUE,prizepicks:naz reid:pra:22.5:over:game,Naz Reid - Pra - 22.5
NBA,prizepicks-10264647-points_assists-11.5,Guerschon Yabusele,CHI,points_assists,11.5,NBA,draftkings,-119,-110,0.5091687041564792,0.00916870415647919,0.00916870415647919,2026-03-03T20:05:50 ET,2026-03-03T20:12:00.000-05:00,TRUE,prizepicks:guerschon yabusele:points_assists:11.5:over:game,Guerschon Yabusele - Points Assists - 11.5
NBA,prizepicks-10260525-pra-26.5,Andrew Wiggins,MIA,pra,26.5,NBA,draftkings_synth,-102.67519627798778,102.67519627798778,0.5065997130559541,0.006599713055954082,0.006599713055954082,2026-03-03T20:05:50 ET,2026-03-03T19:43:00.000-05:00,FALSE,prizepicks:andrew wiggins:pra:26.5:over:game,Andrew Wiggins - Pra - 26.5
NBA,prizepicks-10247052-points-15.5,Immanuel Quickley,TOR,points,15.5,NBA,fanduel,-118,-112,0.5060689431946916,0.006068943194691645,0.006068943194691645,2026-03-03T20:05:50 ET,2026-03-03T19:10:00.000-05:00,FALSE,prizepicks:immanuel quickley:points:15.5:over:game,Immanuel Quickley - Points - 15.5
NBA,prizepicks-10263619-points_assists-11.5,Herbert Jones,NOP,points_assists,11.5,NBA,fanduel,-118,-112,0.5060689431946916,0.006068943194691645,0.006068943194691645,2026-03-03T20:05:50 ET,2026-03-03T22:40:00.000-05:00,TRUE,prizepicks:herbert jones:points_assists:11.5:over:game,Herbert Jones - Points Assists - 11.5
NBA,prizepicks-10263640-points_assists-27.5,LeBron James,LAL,points_assists,27.5,NBA,fanduel,-118,-112,0.5060689431946916,0.006068943194691645,0.006068943194691645,2026-03-03T20:05:50 ET,2026-03-03T22:40:00.000-05:00,TRUE,prizepicks:lebron james:points_assists:27.5:over:game,LeBron James - Points Assists - 27.5
NBA,prizepicks-10263676-points_assists-9.5,Marcus Smart,LAL,points_assists,9.5,NBA,fanduel,-118,-112,0.5060689431946916,0.006068943194691645,0.006068943194691645,2026-03-03T20:05:50 ET,2026-03-03T22:40:00.000-05:00,TRUE,prizepicks:marcus smart:points_assists:9.5:over:game,Marcus Smart - Points Assists - 9.5
NBA,prizepicks-10265325-points_assists-16.5,Nique Clifford,SAC,points_assists,16.5,NBA,fanduel,-118,-112,0.5060689431946916,0.006068943194691645,0.006068943194691645,2026-03-03T20:05:50 ET,2026-03-03T23:10:00.000-05:00,TRUE,prizepicks:nique clifford:points_assists:16.5:over:game,Nique Clifford - Points Assists - 16.5
NBA,prizepicks-10267997-points_assists-16.5,Donte DiVincenzo,MIN,points_assists,16.5,NBA,fanduel,-118,-112,0.5060689431946916,0.006068943194691645,0.006068943194691645,2026-03-03T20:05:50 ET,2026-03-03T20:10:00.000-05:00,TRUE,prizepicks:donte divincenzo:points_assists:16.5:over:game,Donte DiVincenzo - Points Assists - 16.5
NBA,prizepicks-10270190-points-13.5,Tre Johnson,WAS,points,13.5,NBA,fanduel,-118,-112,0.5060689431946916,0.006068943194691645,0.006068943194691645,2026-03-03T20:05:50 ET,2026-03-03T18:12:00.000-05:00,FALSE,prizepicks:tre johnson:points:13.5:over:game,Tre Johnson - Points - 13.5
NBA,prizepicks-10284259-points_assists-20.5,CJ McCollum,ATL,points_assists,20.5,NBA,fanduel,-118,-112,0.5060689431946916,0.006068943194691645,0.006068943194691645,2026-03-03T20:05:50 ET,2026-03-04T21:40:00.000-05:00,FALSE,prizepicks:cj mccollum:points_assists:20.5:over:game,CJ McCollum - Points Assists - 20.5
NBA,prizepicks-10284449-points_rebounds-19.5,Jonathan Kuminga,ATL,points_rebounds,19.5,NBA,fanduel,-118,-112,0.5060689431946916,0.006068943194691645,0.006068943194691645,2026-03-03T20:05:50 ET,2026-03-04T21:40:00.000-05:00,FALSE,prizepicks:jonathan kuminga:points_rebounds:19.5:over:game,Jonathan Kuminga - Points Rebounds - 19.5
NBA,prizepicks-10260205-points-9.5,Isaac Okoro,CHI,points,9.5,NBA,fanduel,-115,-111,0.5041554124246831,0.0041554124246830915,0.0041554124246830915,2026-03-03T20:05:50 ET,2026-03-03T20:12:00.000-05:00,TRUE,prizepicks:isaac okoro:points:9.5:over:game,Isaac Okoro - Points - 9.5
NBA,prizepicks-10263554-points_rebounds-24.5,Austin Reaves,LAL,points_rebounds,24.5,NBA,fanduel,-115,-111,0.5041554124246831,0.0041554124246830915,0.0041554124246830915,2026-03-03T20:05:50 ET,2026-03-03T22:40:00.000-05:00,TRUE,prizepicks:austin reaves:points_rebounds:24.5:over:game,Austin Reaves - Points Rebounds - 24.5
NBA,prizepicks-10271117-points_rebounds-21.5,Saddiq Bey,NOP,points_rebounds,21.5,NBA,fanduel,-115,-111,0.5041554124246831,0.0041554124246830915,0.0041554124246830915,2026-03-03T20:05:50 ET,2026-03-03T22:40:00.000-05:00,TRUE,prizepicks:saddiq bey:points_rebounds:21.5:over:game,Saddiq Bey - Points Rebounds - 21.5
NBA,prizepicks-10283977-points-9.5,Leonard Miller,CHI,points,9.5,NBA,fanduel,-115,-111,0.5041554124246831,0.0041554124246830915,0.0041554124246830915,2026-03-03T20:05:50 ET,2026-03-03T20:12:00.000-05:00,TRUE,prizepicks:leonard miller:points:9.5:over:game,Leonard Miller - Points - 9.5